微博创建时间,微博url,点赞数,转发数,评论数,工具,关键词,微博内容,情感得分,TF-IDF关键词,TextRank关键词
2018/1/2 12:46,https://weibo.com/1896820725/FCuaenYpS,664,10,84,微博 weibo.com,A股,开工，上午大盘受港股彪悍的突破3万点大关影响，A股主板也同步上涨突破半年线的压制和3322点，权重指数更是涨幅不俗，上证50和沪深300涨幅超过1%。中小创稍弱！沪市主板成交量超过深市。看来新年的增量资金买进对象依旧是大盘蓝筹股和绩优股为主。新年首秀，放量带缺口上涨，一轮反弹已经展开，预计下午大盘冲高后，横盘震荡，主要看看黄线是否能及时跟上缩小差距。还是指数行情，多关注量比放大，MSCI成份股和沪深300成份股的走势。,36.81421687,300 成份股 新年 大盘 主板 ,大盘 上涨 主板 指数 突破 
2018/1/1 14:57,https://weibo.com/6003448985/FClATcYoN,268,489,23,微博 weibo.com,A股,《A股2018十大投资主题：既有大消费也有黑科技，附股.（不要错过了)》  #财经MCN# A股2018十大投资主题：既有大消费也有黑科技，附股.（不要错过了),-1.39E-15,A股 2018 附股 错过 既有 ,主题 A股 附股 科技 消费 
2018/1/2 23:16,https://weibo.com/1249424622/FCyi2lRNE,84,274,50,iPhone X,A股,A股上市公司区域分布 [组图共2张],0,A股 组图 区域 上市公司 分布 ,区域 分布 组图 A股 
2018/1/2 11:07,https://weibo.com/2144596567/FCtw93lzP,412,59,109,HUAWEI Mate 9,A股,不错，2018A股开门红，虽然是跌出来的但也是红，金融台搭得不错，实业（龙头行业龙头股）戏也不差。算是继价值投资之往了，后面行情演绎（持续反弹）的高度就看如何开科技股之未来了。另，落难英雄也渐渐走入投资者的视野。,24.91014303,不错 2018 A股 之往 落难 ,反弹 走入 投资者 龙头 算是 
2018/1/2 11:19,https://weibo.com/1769469393/FCtAKtSIM,187,30,33,HUAWEI P10,A股,手机上看了下，近期3300以下，一些机构资金在涌入，也感知到有部分新低股有人在开始吸纳了，2018比2017年的新低个股比例增加了不少，已经有部分优质个股显现出了它的投资性，今年我会将策略从2017年A股平均仓位不低于2成，伺机上调至3.5-4成，仓位配置还是按照可投资个股比例增加，不见兔子不撒鹰。,10.56936065,2017 新低 个股 仓位 3300 ,个股 比例 增加 新低 部分 
2018/1/2 23:17,https://weibo.com/1649173367/FCyic6LVS,59,57,40,微博 weibo.com,A股,2017年A股IPO家数区域分布揭晓，看看你的家乡通过了多少家？ 每日经济新闻的秒拍视频,12.11826316,2017 A股 IPO 揭晓 家数 ,新闻 区域 分布 看看 揭晓 
2018/1/4 22:17,https://weibo.com/1896820725/FCQL6raS4,681,41,162,iPhone 7 Plus,A股,全世界股市都疯了！[haha]让A股也疯一次吧，别控制！,-0.435399571,haha A股 全世界 股市 控制 ,股市 全世界 
2018/1/3 14:53,https://weibo.com/1509681674/FCEqpkFj3,680,112,103,iPhone X,A股,狗年A股全年走势图出来了,0.485981473,A股 走势图 全年 出来 ,出来 A股 
2018/1/3 19:19,https://weibo.com/2082892671/FCGaaD33C,93,267,35,HUAWEI Mate 10 Pro,A股,市场情绪对大盘的影响，总结的得最精辟就是著名投资家邓普顿的名言：“牛市在悲观中诞生，在怀疑中成长，在乐观中成熟，在兴奋中死亡。”从悲观、怀疑、乐观到兴奋，A股的时间周期大概是五年左右。2015年下半年充斥着悲观情绪，2016年和2017年处于怀疑阶段，2018年偏乐观，明后年开始兴奋。绝佳的买点是2015年第四季度，当市场比较悲观时摸进去，机会是给先知先觉的人准备的。,33.87154446,悲观 2015 兴奋 怀疑 乐观 ,兴奋 怀疑 情绪 大盘 总结 
2018/1/6 13:18,https://weibo.com/1708922835/FD65nld6p,139,145,63,微博 weibo.com,A股,【中国首个精神病院上市公司！这是一门天花板高、护城河宽的好生意…………以后韭菜炒股精神崩溃，可去这里疗养】自从得了精神病，精神好多了。A股的韭菜们，其实一直都是精神病高发人群。每天在红绿K线之间、天堂和地狱之间徘徊，被股灾洗刷，被各种庄家收割，被各种黑嘴误导，被每天海量的财经新闻刷屏，不仅如此，还要被各种上市公司的财务魔术，各种忽悠……终于，你们的福音来了，一家精神病院，正在排队IPO，马上要来把治疗精神病的福音，传播给大家。以后炒股精神崩溃，有地方可去了。http://t.cn/RHB7oKr,-3.652246,精神病 精神病院 福音 各种 韭菜 ,精神 精神病 徘徊 崩溃 海量 
2018/1/6 23:00,https://weibo.com/1514515032/FD9TkiRq1,260,81,70,微博 weibo.com,A股,发布了头条文章：《2018戊戌流年A股大盘总趋势预测》 2018戊戌流年A股大盘总趋势预测,6.174247409,2018 A股 戊戌 总趋势 预测 ,预测 文章 总趋势 头条 大盘 
2018/1/6 22:35,https://weibo.com/1708922835/FD9J8hOLX,33,91,4,微博 weibo.com,A股,【大创新时代！A股2018年投资策略】兴业证券王德伦： 我们正处在新一轮创新周期的起点，各项条件已基本具备。与上一轮小公司的模式创新不同，这一轮创新主要以大公司引领的技术创新为特征，并且有六个方面的因素正在催化“大创新时代”：第一、大国战略，以建设现代化经济体系作为战略支撑。第二、基础设施，以5G建设为代表。第三、创新人才，中国正在成为全球人才的聚集“高地”。第四、龙头动向，阿里成立达摩院选择技术创新作为产业前进方向。第五、一级先导，近几年创投机构对技术创新型企业投资不断加大，有望孵化出一批代表性企业，为二级市场注入活力。第六、政策导向，以360作为中概股私有化，借壳上市登陆A股表明政策和制度建设对优质龙头企业回归提供了可能。http://t.cn/RHrmD87,88.15277202,创新 A股 技术创新 建设 一轮 ,创新 作为 建设 投资 A股 
2018/1/6 22:02,https://weibo.com/1638782947/FD9vOEd4w,63,84,37,专业版微博,A股,【A股蓝筹贵不贵？纵向比、横向看，估值潜力找答案】2017年以来，市场分化明显，以蓝筹股为代表的个股悄然走出一轮结构性“牛市”。对于投资者来说，经过一轮大涨的蓝筹们估值究竟是否已经过高了呢？截至2018年1月5日，沪深300指数整体市盈率为14.67倍，绝对数值并不高，但估值水平已经回到上一轮牛市中期时的水平。http://t.cn/RHrYk2f[组图共3张],10.18348281,一轮 估值 牛市 蓝筹 A股 ,估值 牛市 走出 横向 潜力 
2018/1/7 22:55,https://weibo.com/1254381361/FDjhS1R5x,86,114,22,微博 weibo.com,A股,【关于与国际市场接轨】近几年市场上有一个普通说法，就是中国A股将逐渐地与国际成熟市场，如美国股市、港股这样的相对成熟的市场接轨。对此说法我是十分认同的，而且在我15年、16年的一些文章就谈到这一点。但是细细思量一下，什么叫与国际成熟市场接轨呢？是不是大盘蓝筹上涨就与国际成熟市场接轨了呢？如果这样认为，我觉得就有些肤浅了。我觉得，与国际成熟市场接轨，更主要是说的我们中国A股市场将来会越来越变得相对有效性（就长期而言，市场当是有效的）。这个有效性，其实更主要的是体现在对优质资源的合理配置，即我们说的要改变过去那种劣币驱逐良币的不正常现象。一个人若想长久立足于社会，须走正道，而一个股市若想长远健康发展，自然也要走正道，即发挥市场的这种价值发现功能，实现这种对优秀企业资源的有效配置，这也当是资本市场存在的根基之所在（如果是个劣币驱逐良币的赌场，还不如早早把它关了呢）。从这个根本点上再分析去年的绩优蓝筹行情，其实就可以理解了，我认为这个绩优蓝筹行情更多的是体现在价值发现与价值回归基础之上的。可以预期，我们中国A股市场的这种价值发现功能将越来越好，具体的表现就是：时间将会是优秀企业的朋友，而是烂企业的敌人，或者说时间将会让优秀企业脱颖而出，而让烂企业边缘化。,-10.78677757,接轨 市场 A股 成熟 劣币 ,市场 价值 企业 接轨 发现 
2018/1/6 13:31,https://weibo.com/2244291964/FD6azsup9,112,175,18,iPhone 6s Plus,A股,A股各行业龙头股一览（名单）,2.728521006,A股 一览 行业龙头 名单 ,行业龙头 一览 名单 A股 
2018/1/7 23:24,https://weibo.com/5848806348/FDjtFm1Lf,256,164,54,360安全浏览器,A股,恒生继续牛市，内房企和银行股主要带动指数，那么韩叔预计A股的房地产板块也会继续补涨行情，万保金，值得你继续持有。[酷],9.003077136,继续 保金 内房 企和 韩叔 ,继续 板块 补涨 指数 保金 
2018/1/8 14:05,https://weibo.com/2183570524/FDpfcfPFQ,216,792,60,微博 weibo.com,A股,【A股有哪些好公司（长期ROE&gt;15%+）？】@风之弈   《巴菲特给股东的信》里面讲过，如果非让他用一个指标进行选股，他就用净资产收益率ROE，他说ROE能常年持续稳定在15%以上的公司都是好公司，可以考虑买入。ROE超过30%的则是凤毛麟角。  那么，我看看A股满足巴菲特的这个条件的公司有哪些？（这个常年，我们给定一个量化值，就是十年） http://t.cn/RHN9G47,26.08654497,ROE A股 15% 巴菲特 常年 ,公司 满足 选股 收益率 量化 
2018/1/8 21:55,https://weibo.com/5631598472/FDsk46xJG,911,104,1,微博 weibo.com,A股,"从1月2日上来的走势很凌厉,一下子就穿越3400,但3400以上压力不轻,而3400也不一定一次就过,加上人民币今天反贬,我预估明天再上拉到3415-3417就会有压力,而时间就出现在10点半过后   本波上来,地产与一些低PE的公司走势比较强,地产与港股相关板块业有些关系,是不是外资操作A股也会注意港股,这会是未来另一个课题   股市就是这样,一个样貌了解后,还会有另一个样貌,所以一开始就要开始关心,所有有可能影响变动的因素都要快速了解快速进入状况   即使这次大盘上涨,也不是雨露均沾,这是另一时代的开启,MSCI概念股,低PE股,一开始都是资金第一步进驻的重心,但接下来就要靠真本事选股与耐心持股,产业好坏才是股价变动的核心   如果去年一些白马股如果都是大衰退股,我想不会有涨幅,能涨,主因是有成长加上PE够低,但我一直强调,当股价基期已不同下,那今年选股就要多费心   今年第一波应该就是低PE股,但接下来就要很注意国际产业与港股相关板块的变动,这是越来越专业的时代   我强调先不碰锂电池板块,但事实上还是有涨,但我仔细看了去年投产公司,多的吓人,而且很多今年产能都会开出,所以真要看此板块,那只能从材料端着手,这很专业,不容易掌控   此外芯片股,或半导体相关个股,在这波走势都不是很好,主因是去年12月都在高位期,而现在滑落,正是在修正指标   明天开始会有一些小修正或变动加大,指数空间变小,如果我做股指,我会减掉半仓,懂我意思吗   那大盘看保守,而个股呢,不受影响,看看指标状况,该休息的依旧休息,不太可能突然一下子就上来   很多个股出现许久不见的大量,只要CCI还允许,应该还有幅度   要提醒,造纸股最近几天上涨,除了彰显低PE外,其馀就是指标修复,但是要注意,此板块先见好就收,多注意报价问题   地产类多关注港股相关变化   半导体类等指标修复,与双紫何时再发动 明天天然气板块或许有惊喜,多看两眼   仅供参考,祝幸运",61.51506677,PE 3400 板块 港股 变动 ,港股 相关 板块 变动 注意 
2018/1/9 17:56,https://weibo.com/1896820725/FDAbr9z1o,734,36,132,iPhone 7 Plus,A股,又是一片红！全球股市都一样，年后不光A股这样涨。A股涨的还算是含蓄低调的了。为啥全球股市大涨？这个可能是最后的疯狂冲刺阶段吧！,3.180805091,A股 全球股市 冲刺 含蓄 低调 ,算是 A股 阶段 冲刺 含蓄 
2018/1/9 9:13,https://weibo.com/2014433131/FDwLfhmIS,677,9,101,伏地拜瓶教iPhone 7 Plus,A股,千万不要来教育我“怎么做大V”，因为我压根不拿自己当“V”，我的身份证和中华人民共和国其它人的身份证一样，没写着“大V”。 所以一个普通人人可以扯的，我就可以扯。我的账号我做主，我想聊嫩模就嫩模，想开车就开车。不开车的时候，也聊点严肃的，比如在A股赌钱。 我喜欢钱喜欢女人，你让我圣人君子，我就要背着牌坊说话？这种思维是不是有毛病？ 想要完美“大V”啊？你自己去做啊[摊手]反正我不是什么V,-0.439289742,开车 身份证 我想 聊嫩模 嫩模 ,喜欢 开车 背着 思维 说话 
2018/1/8 7:00,https://weibo.com/6003448985/FDmsRiakA,190,375,16,微博 weibo.com,A股,《A股最高战法！手把手教你短线战法之“单阳不破“，字字道破天机！》  #财经MCN# A股最高战法！手把手教你短线战法之“单阳不破“，字字道破天机！,10.29201881,战法 A股 单阳 手把手 道破 ,战法 手把手 A股 字字 不破 
2018/1/9 20:11,https://weibo.com/1801487174/FDB4c5VNH,85,205,29,360安全浏览器,A股,【哪些公司有“净壳收购”之相？6分钟看懂壳股攻略】2017年下半年以来，A股市场波动幅度很小，成交量也日渐稀少，360借壳江南嘉捷所带来的1个月涨5倍的暴富光环，让人艳羡不已。很多投资人肯定都曾经希望或者幻想过，自己手头从来不涨的“垃圾股”，可以被某巨头看中，借壳，然后上市，一圆财富梦。可是对“壳”股票的标准却没有一个明确的认识，也不知道该怎么去甄别。尤其到了现在，监管趋严，“壳”交易早已从卖方市场转变为买方市场，只有资产干净、整合难度小的“净壳”，才有希望被买方看上。甄别过程极具技巧，财爷这里就教您两招，希望对您有些许帮助。 http://t.cn/RQh7Bwc,27.33669769,净壳 借壳 甄别 希望 两招 ,借壳 希望 甄别 投资人 没有 
2018/1/8 9:10,https://weibo.com/5122335500/FDnjov6eE,301,68,99,微博 weibo.com,A股,#今日看盘# #雄安# 受美股及港股连创新高影响，A股在反弹的小周期内走势强于预期，但阳线越收越小，上涨出现疲态，短线可能迎来调整，目前只看做一波反弹，随时可能停止。考虑到近几个交易日在放量，后期即使下跌的话也会选择阴阳交错的抵抗式下跌，所 以短线上，当出现首个缩量阴线，或盘中出现急跌，买入做隔日是不错的选择。中线建议继续观察,30.67737404,短线 看盘 雄安 受美股 A股 ,出现 可能 选择 反弹 影响 
2018/1/9 22:37,https://weibo.com/1961718870/FDC1u1twN,22,146,15,微博 weibo.com,A股,【徐小平内部讲话泄密：呼吁创业者拥抱区块链！下一个投资风口来了？】 从去年底到今年初，区块链风靡投资领域。今天A股市场区块链概念股一片红火，易见股份，新晨科技涨停，御银股份、高伟达、四方精创等多只股票均大涨。什么是区块链？相关投资真的这么乐观吗？ 徐小平内部讲话泄密：呼吁创业者拥抱区块链！下一个投资风口来了？,48.09640837,区块 徐小平 泄密 风口 创业者 ,区块 投资 呼吁 创业者 股份 
2018/1/8 22:35,https://weibo.com/1708922835/FDsA7FmuC,29,97,27,微博 weibo.com,A股,【惠正投资江作良罕见发声！不要在白酒、家电的欢呼中太过沉迷；2018，风向会变】江作良：最近两年多，A股市场价值型的大型企业持续涨幅领先，而成长型的企业基本上一直处于比较痛苦的回归状态。所以在目前这个时间点，我也在思考这个问题，接下来有没有可能出现风格转换的可能性。在这里就一些想法和大家分享一下：http://t.cn/RHsc0Q2[组图共2张],-12.69475814,江作良 惠正 中太过 2018 会变 ,企业 有没有 可能 成长型 沉迷 
2018/1/8 10:00,https://weibo.com/2258727970/FDnDRETcn,155,25,28,微博网页版,A股,【直播：专家解密2018年A股市场的投资机会在哪里】第十八届瑞银大中华研讨会将于2018年1月8日至12日在上海举行，探讨宏观经济、地缘政治，传统行业，以及2018年A股市场的投资机会。央视财经邀请医药、新能源汽车、家电、光伏行业的研究员，解密2018年行业投资机会。 央视财经的微博直播 .,39.69775699,2018 A股 解密 直播 央视 ,机会 投资 财经 行业 A股 
2018/1/5 9:24,https://weibo.com/2204753141/FCV7BBzYq,157,79,103,微博 weibo.com,A股,【周鸿t回A股赚大发了！20个涨停，"脚踩"京东"追平"交行：创4100亿借壳神话！】红衣主教周鸿t赚大了，这都得益于A股市场中，互联网巨头稀缺。奇虎360借壳后已经超过20个涨停，市值达到4139亿元，在互联网界超越京东，在A股市场已比肩交通银行，成为第13大市值公司。作为奇虎360的实控人，周鸿t身价也暴增至969亿元。via 中国基金报[组图共4张],40.48036808,A股 奇虎 20 周鸿t 360 ,市值 京东 市场 A股 作为 
2018/1/5 12:35,https://weibo.com/1708922835/FCWn635mB,122,22,74,微博 weibo.com,A股,【贾乃亮家有上市公司？他名下5家企业 马苏是合伙人】经过查询发现，在贾乃亮故乡所在的东北三省A股上市公司中，都并没有姓“贾”的实际控制人，贾乃亮本人也没有出现在上述任何一家上市公司的大股东名单中。在工商资料中检索网络热传的“贾乃亮父母”姓名，未能找到名下企业信息。且不论贾乃亮是否为富二代，工商资料显示，其本人名下确实颇有资产，除担任2家公司的法人外，贾乃亮还入股3家企业。工商资料显示，本次风波中，出面替李小璐澄清绯闻的闺蜜马苏、开车送李小璐回家的秦岚，均与贾乃亮是合伙人关系。http://t.cn/RHmJYmq,42.91368964,贾乃亮 名下 李小璐 马苏 工商 ,企业 资料 工商 名下 马苏 
2018/1/5 12:52,https://weibo.com/2144596567/FCWu6nRZ5,253,30,68,HUAWEI Mate 9,A股,我国资本市场（A股）几乎丢掉了一个互联网时代（代表公司基本都在海外上市），这无疑是中国投资者以及管理层最大的心结，不得不说要解决这个问题很难，因为真正的好公司已经错过了解决的时间，能解决的一定还存在不确定性，360的回归是个尝试，但这个尝试与其冒的风险比其实意义已不大。 建议投资者和监管层尽早放下这个心结，多用发展的眼光去解决这个问题，努力去让A股市场投资者可以分享到科技新时代的新的独角兽成长。 至于现在在海外的好的中概股就当是圆明园丢失的十二生肖，让投资者通过港股通、沪伦通如市场化选择就好了。（哈，照片儿童不宜）,45.15426985,A股 心结 解决 投资者 尝试 ,投资者 解决 时代 尝试 公司 
2018/1/12 7:50,https://weibo.com/1896820725/FDYvgg3RY,955,98,160,360安全浏览器,A股,早间看盘：新年伊始，股市行情运行了将近2周，不经意间，10连阳呈现在投资者眼前，追溯A股历史，7000来个交易日组合成的A股，这样的10连阳，算上这次也仅仅有3次（其中还有一次串阳中有一根是假阳），这种10阳后的十全十美波段组合堪称是牛市的发动机！大数据显示A股历史上，可供参考的10阳走势，有两段，一段是2015年3月9日到3月24日，10连阳！其后走出了轰轰烈烈的15年杠杆牛市直到5178见顶！，第二段是2006年6月15日到6月29日也是10阳（但里面有一根假阳），这个更厉害，其后开始了至今最大的那轮07年牛市终结在历史高点6124点！至于这次十全十美后，A股能否走出一波波澜壮阔的大牛市，目前说这话还为时尚早，但不排除这种可能，太远的话说早了没意思，心里有个数就可以了！ 说说眼下当前的，10阳后今天怎么走？大概率还是收阳，直接挑战前高3450点的面大。侠哥你疯了吗？没有疯，11连阳这种创A股历史的走势预判，不疯狂点是难以想象的。疯就疯了吧，这把继续开大！热点看，本周火的一塌糊涂的三大热点，第一、区块链，说真，侠哥至今都没搞明白区块链为何物，理工男或玩互联网的可能更明白点吧，但大概知道是一种互联网新技术的，以前只知道是跟比特币挂钩，应用区块链技术开矿挖币，这轮全球炒作区块链后，好似这个技术是重大革命性技术，将来会超越互联网，带来万物互联的底层协议（抱歉，这个词也是刚知道的，啥叫底层协议还在蒙圈），不管了，反正这玩意就是新技术，新科技，沾边就暴涨这是事实！第二是房地产，这个A股房地产行情应该是港股带动的，加之房地产股大多低价绩优，业绩不错，被资金炒作有其价值回归的一面。另一块是次新股，有其叠加了刺心+医药，刺心+科技，刺心+一切，最活跃的资金进进出出，在IPO大幅增加前，这块总是赌徒的乐园之一。总体看，这轮创历史记录的串阳，很可能是一种信号，目前看走一步看一步，最小是突破3450点，冲击3600点了，再往后以后再说。大盘没毛病，继续看多做多，积极寻找下一个区块链题材的机会。以上观点，仅供交流，据此操作，后果自负！,95.19274157,10 A股 区块 连阳 刺心 ,A股 区块 技术 历史 牛市 
2018/1/12 21:23,https://weibo.com/1896820725/FE3OXx94l,648,40,92,iPhone 7 Plus,A股,要怪也就怪A股的好股票太少了，垃圾股发行上市太多了！再不让炒题材，炒重组，炒送转，这些股走成这样子也不足为奇！[doge],5.909664366,A股 股走成 doge 垃圾股 不足为奇 ,A股 题材 重组 垃圾股 走成 
2018/1/13 7:41,https://weibo.com/1896820725/FE7RNzn37,447,39,96,iPhone 7 Plus,A股,中国，美国，俄罗斯，英国，法国，安理会五常！代表世界大国和经济体了，各国股市走势也是各不相让，A股涨幅最小，距离历史高点最远，理应后市走势最高，后来居上。 [组图共5张],21.31132172,A股 组图 各不相让 五常 世界大国 ,俄罗斯 理应 距离 高点 历史 
2018/1/12 16:15,https://weibo.com/1896820725/FE1Of4RG1,551,23,100,iPhone 7 Plus,A股,港股乱涨14天，A股才乱了11天，比着来。,0.40769004,乱涨 14 A股 11 比着 ,乱涨 A股 港股 才乱 
2018/1/13 17:42,https://weibo.com/2014878391/FEbNO9OM9,141,102,18,秒拍客户端,A股,霞光四射，佛祖保佑大A股风调雨顺，见者转发好运连连！武汉刘正涛的秒拍视频（上#秒拍#看我的最新短视频，下载秒拍-&gt;http://t.cn/RCxcYwb）,10.91743156,视频 A股 见者 刘正涛 -& ,转发 A股 保佑 佛祖 视频 
2018/1/14 22:24,https://weibo.com/1896820725/FEn4Te6y1,1726,996,159,微博 weibo.com,A股,炒A股结构性行情的要领，线上持股做多，线下持币观望，震荡半仓滚动，看不清喝茶看戏；趋势玩白马，暴利捉黑马，次新看换手，攻关玩权重，震荡玩题材，回调买妖股，股灾买银行！好好琢磨就不会天天为买啥或赚指数不赚钱而烦恼了！拿去吧，我的弟兄们，好好研究这句话。[喵喵],7.275356394,好好 A股 半仓 妖股 股灾 ,震荡 要领 妖股 权重 回调 
2018/1/14 12:06,https://weibo.com/1664176597/FEj20x3SK,61,166,15,微博 weibo.com,A股,【2018年MSCI又有大动作 潜力股名单梳理】随着A股纳入MSCI，外资进入A股的渠道陆续开拓，资金规模日益壮大，对A股市场的影响力也会越来越大。事实上，过去的一年里外资在A股市场风格转变中起了至关重要的作用。新年伊始，蓝筹白马再度轮番上涨。2018年MSCI又有大动作 潜力股名单梳理 [组图共3张],31.27441415,A股 MSCI 2018 潜力股 梳理 ,A股 梳理 外资 名单 市场 
2018/1/13 0:47,https://weibo.com/5848806348/FE59PxUjR,275,264,108,360安全浏览器,A股,韩叔为什么说币市的牛市来了呢，是因为币市的炒作风格，非常符合2015年的A股的杠杆牛，垃圾币满天飞，币神遍地都是，很多币市玩家肆意的套现，加杠杆往里冲，很多都没有真正的投资理念，或者经历过2015年的A股股灾，更要命的是现在路边大爷大妈已经开始疯狂打听如何进币市炒币了，所以币市杠杆牛之后，一堆垃圾币和中产阶级就会被瀑布式的下跌清洗掉了，因为是24小时交易，所以可能就是睡醒觉之后，就发现爆仓了。[摊手],4.520032387,币市 2015 A股 杠杆 垃圾 ,币市 爆仓 可能 A股 杠杆 
2018/1/15 10:02,https://weibo.com/1896820725/FErDZbt90,807,13,70,微博 weibo.com,A股,我就纳闷了，这么多中小盘股跌个啥劲？认不清形式，不敢说太早牛市吧，至少机构和外资是强烈看好A股的，大量中小盘股持股者的心态太差了，不是不涨，时候未到！慌个啥子。淡定点！[喵喵],4.423543257,小盘股 时候未到 多中 跌个 认不清 ,大量 外资 看好 持股 A股 
2018/1/15 8:53,https://weibo.com/1776830283/FErca5rtV,60,253,21,专业版微博,A股,【2018年MSCI又有大动作 这个潜力股名单收好不谢】今年6月，A股将正式纳入MSCI新兴市场指数，届时或有逾千亿元的增量资金。根据相关时间表，A股将于今年6月1日正式纳入MSCI新兴市场指数，初始纳入比例为2.5%，2018年9月3日，A股的纳入因子将提高到5%。中金公司估算2018年MSCI纳入A股带来的资金流入规模在150亿~200亿美元左右(包含主动和被动型资金)，即每一步实施将带动75亿-100亿美元的流入。http://t.cn/RQtSrLW[组图共3张],52.08645021,MSCI A股 2018 纳入 资金 ,纳入 资金 A股 指数 潜力股 
2018/1/15 7:33,https://weibo.com/1645823934/FEqFyBkev,416,129,232,iOS,A股,李大霄：9大理由助力A股创25年最长连阳记录 李大霄：9大理由助力A股创25年最长连阳记录,11.49889622,李大霄 A股 25 连阳 助力 ,理由 连阳 助力 记录 A股 
2018/1/15 22:20,https://weibo.com/2258727970/FEwtC8Z0X,122,141,157,秒拍网页版,A股,【全球第一房地产企业，是中国的了！】近期A股市场房地产股票持续大涨，万科A和保利地产等龙头股纷纷创出历史新高。小市值地产股也一样大幅飙升，龙头荣安地产6个交易日5个涨停。港股市场的内房股表现更加疯狂，中国恒大去年涨近5倍，碧桂园涨近3倍。截至1月12日收盘，万科A市值已经逼近4000亿元，达到3924亿元，成为全球房企市值冠军。1月3日万科A公布12月份销售数据，合同销售面积销售金额，同比大增171%和165%；2017年全年这两个数据同比增长30%和45.3%。分析人士表示，未来中国的龙头房企仍将受益于城市化，并且有望受益于整个行业集中度的提升、以及多元化扩张，甚至不排除万亿市值房企的出现。 http://t.cn/RQInOFo,76.47980714,房企 市值 涨近 12 万科 ,市值 销售 中国 市场 地产 
2018/1/15 17:50,https://weibo.com/3864498823/FEuI4i97R,244,19,66, ,A股,今天茅台盘中破万亿市值，所有人可能都在想一个问题：茅台还能涨多久？说实话，茅台涨多久，和我关系不大，因为我没买。但作为一种现象，可以讨论一下。但首先要搞清楚一个问题：茅台为啥涨？两个方面，第一，机构持股。茅台的股东大部分都是机构，机构出于避险和稳定获利的需要，在中国A股价值投资还不清晰的情况下，茅台是不多甚至唯一的优质选择。第二，资源稀缺。茅台是不可替代的稀缺资源，再加上中国原产的奢侈品标签，想不涨都难。那么回到原问题，茅台涨多久？很简单：如果目前结构化行情不改变，茅台涨不停，只有出现更加稳定优质的标的，资金才会选择改变，目前来看，这个条件还不成熟，所以说，茅台还得继续涨。至于说涨多久，涨多高只是数字而已，区别并不大。[组图共9张],-20.87421826,茅台 多久 机构 优质 A股 ,茅台 机构 中国 作为 改变 
2018/1/11 8:04,https://weibo.com/1896820725/FDPa36dK8,1119,177,152,360安全浏览器,A股,早间看盘：九阳神功！这个金庸武侠小说中的一门厉害功夫，A股历经磨难，再次修的正果。A股历史也不算短了，长达28年的股市，近7000个交易日，出现9连阳的时候不多，据统计加上这次仅仅只有4次，前三次其后一月的涨幅都不小（见下面那个统计图表），前三次九阳神功后，其后走势最低的涨幅在14.65%，最高的在19.15%，发生在2015年那次牛市的过程中。我们做股票就是做大概率，尊重趋势和技术提示，截止目前为止，从日线，到周月线均无毛病，指数9连阳，不代表所有个股都能九阳，一些个股道行不到还在修炼中，但有151只个股已经在新年刷新历史新高了！分化是显而易见也是今后股市的常态，不能因为一些朋友持股不对或持股还未走强，你就另眼看待了。九阳是大资金或机构极度看好后市的表现，没有把握，机构主力是不会修的九阳神功的。这轮行情的最低目标是突破3450点，上攻3600点左右是很大的概率。今天收阳收阴已经不重要了，十全十美更好，适当休息也无措，最关键的核心是保持趋势，维持轮动和主流资金的介入。热点看，这轮反弹的几大热点，侠哥在元旦都给大家提示了，第一、业绩驱动、第二涨价题材、第三、区域政策、第四次新股反攻、第五、黑科技新技术。走出这9连阳，走势强劲的板块或题材，大家可一一对照，不在复述。昨天最火的是黑科技，区块链板块，带动的科技互联网题材，区块链包括大数据，云计算，软件等都在昨天并不算太好的个股行情中闪闪发光。很多人崇尚美股的价值投资，殊不知，美股的题材炒作同样令人咋舌，美股的区块链题材，只要沾边，少则50%，多则数倍的涨幅就在两天给你。所以大家目前的思路，建议还是从这几块入手，多下点功夫，好好梳理，行情不会差的。操作上，目前是线上走高过程中，没大毛病或成交异常放大，无需自己天天嘀咕吓自己，盘中小震荡洗盘，甚至回调两天，在牛市中也经常发生。历史的极限是10阳，而且就一次，所以，今天起随时收根阴线，也无需紧张！相反，震荡洗盘中，可以更好的区别去强势股或弱势股，择机换股或低吸加仓的机会。近3500只个股了，以后永远也不会齐涨齐跌了，买上升通道中股，买有价值的股，买有预期有政策的股，买有成交有换手有资金玩的股！卖出下降通道的股，卖出业绩下滑或亏损的股，卖出没量没题材没人玩的股，卖出涨幅太大的股！就这。以上观点，仅供交流，据此操作，后果自负！,150.9222985,九阳 题材 美股 区块 神功 ,题材 个股 连阳 卖出 资金 
2018/1/11 16:01,https://weibo.com/1645823934/FDShJ4Zx3,635,118,165,微博 weibo.com,A股,今天收出小阳线，构成10连阳，创下26年以来最长的连涨记录！可喜可贺！2017年预期6.9%的增长势头强劲，上市公司业绩增长有望超20%，2018年是MSCI纳入A股的元年，养老金及中国版的401K计划将要实施，均线系统已经形成多头排列，技术上形成一个完美U型，10连阳将迫使空头转向。A股开局良好！,31.53988985,10 A股 连阳 26 2017 ,连阳 形成 A股 转向 空头 
2018/1/10 22:59,https://weibo.com/1896820725/FDLB70C9w,647,106,138,iPhone 7 Plus,A股,美国股市目前共有8549只股票，股价最贵的是巴菲特的伯克希尔股价超过30万美元一股，股价最低的是一堆1美分股票。这是成熟市场的情况，在美股也天天是一半涨一半跌，甚至9年牛市都与股价无关的熊股！所以大家要适应目前A股的走势，以后的分化也只会更严重。买能涨的票，抛弃涨不了的票[doge],9.085125303,股价 一半 8549 30 美股 ,股价 走势 无关 适应 A股 
2018/1/10 12:50,https://weibo.com/1896820725/FDHBU9RHf,803,17,196,微博 weibo.com,A股,开工，上午指数行情，走出28行情，机构主力轮番拉升指数攻击3450点，攻关玩权重，这是常用的手法，可能今天指数还是阳线实现九连阳的面大，8类个股不涨也是暂时的，不妨碍A股整体向上的趋势，没必要大呼小怪的。美股也是道指，标普和纳指齐涨的。相信这种28行情是暂时的现象，下午黄线就会改善止跌反弹。目前走势没大问题，个股虽然跌多涨少，操作难度较大，放平心态，耐点心就行了。,17.33138489,28 行情 指数 暂时 3450 ,指数 行情 个股 止跌 整体 
2018/1/11 7:35,https://weibo.com/1708922835/FDOYj49ME,178,434,147,微博 weibo.com,A股,【在茅台上赚了5倍，也曾一天暴跌50%，神秘私募大佬首次揭秘30年投资秘诀】1989年入市，本金5000元，到1996年赚了5套房；1997年开始专职炒股，亲历亚洲金融危机；经历过非典、911，两次都在一天跌去50%，穿越A股、港股的数次牛熊，做到精准切换，最终收益过万倍……他就是深圳万利富达董事长兼首席投资官胡伟涛，也是#新财富学院#《私募实战营》1月13日课程的荣誉导师，一个股市活化石，也是一个价值投资坚定的践行者http://t.cn/RQw4I1n[组图共2张],59.85082517,50% 私募 30 1989 5000 ,投资 导师 学院 亲历 董事长 
2018/1/11 21:06,https://weibo.com/1896820725/FDUhwoRcp,696,98,169,微博 weibo.com,A股,A股历史上，可供参考的10阳走势，有两段，一段是2015年3月9日到3月24日，10连阳！其后走出了轰轰烈烈的刚刚牛市直到5178见顶！，第二段是2006年6月15日到6月29日也是10阳（但你面有一根假阳），这个更厉害，其后开始了至今最大的那轮牛市终结在历史高点6124！这两段10阳后面都出现了近10几年的两轮大牛市走势。这次不经意间，再遇10连阳，同志们，可能意想一下！是不是新一轮牛市的信号！！！现在说可能早点，但历史有时候是相同的，至少目前看是这样，坚决看多！不动摇[haha],24.98368825,10 日到 牛市 连阳 两段 ,牛市 历史 同志 可能 高点 
2018/1/11 10:26,https://weibo.com/1896820725/FDQ5Vxngn,628,11,68,微博 weibo.com,A股,开盘一小时点评：今日早盘大盘强势震荡，昨日完成九阳神功后，大盘向上突破3450点的趋势大概率确认，历史上A股极限是10连阳，十全十美，今日大盘主力低开，有意做出十全十美的走势。热点看，区块链这个新科技越来越火，逐步带动科技股全面走强的趋势，权重股中保险银行真是中坚力量，绝对护盘主力！大盘进入冲关前的小震荡和洗盘阶段，预计几日后就将创出3450点新高！今日指数不预判阴阳，已经没意义了。安心做个股即可，更大的行情还在后面了！继续嗨,47.92798382,3450 大盘 十全十美 今日 早盘 ,大盘 主力 趋势 震荡 指数 
2018/1/11 6:38,https://weibo.com/1216826604/FDOBvqRQ6,2071,25,548, ,A股,瑞银：2018年A股目标点位4450点????大家信不信？,5.693147932,2018 A股 4450 信不信 点位 ,目标 大家 点位 信不信 A股 
2018/1/10 13:02,https://weibo.com/1645823934/FDHGQuR3R,494,112,145, ,A股,我的观点重申：A股第一买点是钻石底，第二买点在婴儿底，而且是低估的龙头好股票才能买，其他地方买股票都不是最佳买点，需要更加严格的选股要求以及更加长的投资计划。但凡投资都要是馀钱，即短时间无使用计划的钱，不能够有杠杆，要非常小心谨慎。每个投资者千差万别，绝对不能够根据我的微博来操作股票。,-8.36025887,买点 股票 A股 选股 微博来 ,买点 股票 计划 A股 投资 
2018/1/10 12:39,https://weibo.com/1645823934/FDHxd6Hhc,411,66,138,微博 weibo.com,A股,港股连涨12天，站上31000，平50年连涨记录，看来港股不是普通的牛市，而是50年来难遇的牛市！如果今天收阳，则形成9连阳，平2015年3月23号以来记录！A股也许是个小牛市？,-2.206821323,50 连涨 港股 牛市 记录 ,港股 记录 牛市 连涨 形成 
2018/1/16 11:11,https://weibo.com/1926909715/FEBwCByIJ,1571,279,708,iPhone客户端,A股,【最穷上市公司：账上只剩178元 网站欠费被关停】你能想象，堂堂一家A股上市公司，账面上只有100多块钱，是什么情景？我们出门随身带的钱包里恐怕也远远不止这个数。 近日有细心的投资者发现，深交所主板上市公司*ST华泽的官网已经打不开了。1月12日，*ST华泽通过互动易平台回复投资者问询时表示：公司网址因欠费暂停。 *ST华泽背后有着一段令人心酸的境遇。该公司被关联方违规占用资金14.97亿元，而拥有552名员工的*ST华泽2016年报公布的净资产才8.5亿元。令人遗憾的是，这件牵动6万多投资者的事情从曝光至今已接近2年时间，但一直没有实质性进展。（via 每日经济新闻）http://t.cn/RQMulns[组图共2张],28.63417338,ST 华泽 欠费 上市公司 投资者 ,投资者 公司 没有 问询 表示 
2018/1/16 14:42,https://weibo.com/1638782947/FECU76YF6,1081,243,243,专业版微博平台,A股,#最穷上市公司账上只剩178#【最穷上市公司被曝光：552位员工 账上只剩178元】你能想象，堂堂一家A股上市公司，账面上只有100多块钱，是什么情景？最近就真有一家这样的公司被曝光，由头竟是因为公司官网突然的“停摆”。就在投资者们纷纷打听官网“去哪儿了”的时候，互动易平台上这家公司却出面表示：我们已经欠费停机了。背后有着一段令人心酸的境遇&gt;&gt;&gt;http://t.cn/RQMQHNR[组图共3张],10.42356171,gt 178 官网 最穷 账上 ,官网 公司 A股 表示 心酸 
2018/1/16 12:55,https://weibo.com/1956700750/FECcIqVAj,1014,263,288,微博 weibo.com,A股,【最穷上市公司被曝光：552位员工 官网都欠费停了】你能想象，堂堂一家A股上市公司，官网却因为欠费停了是什么情景？最近就真有一家这样的公司被曝光，因为公司官网突然的“停摆”。就在投资者们纷纷打听官网“去哪儿了”的时候，这家公司却出面表示：我们已经欠费停机了。最穷上市公司被曝光：552位员工 账上只剩178元 [组图共2张],4.168678494,官网 欠费 曝光 552 最穷 ,官网 欠费 公司 A股 表示 
2018/1/16 10:56,https://weibo.com/1642585887/FEBqu0E74,484,202,221,微博 weibo.com,A股,#上市公司那点事儿# 【最穷上市公司被曝光：552位员工 账上只剩178元】你能想象，堂堂一家A股上市公司，账面上只有100多块钱，是什么情景？我们出门随身带的钱包里恐怕也远远不止这个数。最近就真有一家这样的公司被曝光，由头竟是因为公司官网突然的“停摆”。就在投资者们纷纷打听官网“去哪儿了”的时候，互动易平台上这家公司却出面表示：我们已经欠费停机了。这家连官网的运营费都支付不起的\*ST华泽，背后有着一段令人心酸的境遇。http://t.cn/RQMQHNR,15.42154836,官网 曝光 上市公司 这家 552 ,官网 公司 心酸 A股 情景 
2018/1/18 18:38,https://weibo.com/1896820725/FEXj8nYgP,783,20,107,iPhone 7 Plus,A股,港股也收摊了，继续创历史新高，根本停不下来！A股我不天天说了，这把持续做多持续蒙对了，明天继续看多做多[加油][加油][加油]后市小目标3600点不见不散,-3.417882732,加油 不见不散 A股 蒙对 看多 ,加油 继续 停不下来 新高 历史 
2018/1/18 13:53,https://weibo.com/1896820725/FEVrbELTa,998,23,140,iPhone 7 Plus,A股,A股股民大多不玩港股，美股，要是很多人这样患得患失的心态，在人家那种市场长牛走势没完没了的涨还不知被甩下多少了，行情不涨吧，天天盼着涨，行情来了吧，又不敢相信自己！涨几天连200点都不到的行情就天天自己吓自己！这是病！严重的心理病！得治[吃瓜],-11.25975379,行情 天天 A股 美股 长牛 ,行情 股民 市场 人家 甩下 
2018/1/18 21:23,https://weibo.com/1896820725/FEYo35MqC,634,17,64,iPhone 7 Plus,A股,全球股市走牛！A股不会例外的，晚上没啥点评的，坚决看多做多不动摇，目前不存在大的风险，啥时都涨一遍了再说风险吧！继续嗨[加油][加油][加油],2.504183516,加油 A股 看多 风险 全球股市 ,A股 加油 存在 例外 不会 
2018/1/18 15:47,https://weibo.com/1645823934/FEWbzr5Ph,321,57,144, ,A股,国家统计局：2017年中国GDP首次登上80万亿元门槛，同比增长6.9%，是自2010年以来我国经济增长首次加速。评：2017年整体形势好于预期，决胜全面小康迈出坚实步伐，经济加速对股票市场有非常重要的意义，这是一个重要利好消息！其中港股创历史新高和A股创两年新高有基本因素的支持。低估蓝筹股的稳定增长也是有基础的。,40.63664539,2017 新高 加速 GDP 80 ,新高 经济 加速 预期 因素 
2018/1/17 11:51,https://weibo.com/1831200480/FELdzaCGn,200,404,146,微博 weibo.com,A股,茅台只不过是一家以2017年度为基准，今后5年甚至更长时间，能够以30%或以上复合成长的公司。至于现在其股价（750左右）贵不贵，能不能买，要不要卖，那就仁者见仁智者见智了，因为个体预期不同嘛。不过，即便是这家A股市场确定性最高的公司（我不知道要不要加“之一”），股价也是会大幅波动的。因为股价是市场先生投票的结果，股市也是少数人给多数人的资产定价的神奇场所，换手率越低的公司，市场先生的定价就有可能越不合理。所以，我记得巴菲特曾经说过（大意）：你要是不能承受你持有的公司股价下跌超过50%的打击，那你就不适合进入股票市场。所以，写这条微博之前，我问了自己：茅台股价要是又回到了三、四百元，你扛得住受得了睡得着吗？对我而言，答案是明确的，于是一切便豁然开朗了。[耶][耶][耶],31.41859157,股价 茅台 公司 定价 扛得住 ,公司 股价 市场 先生 定价 
2018/1/17 23:49,https://weibo.com/1638782947/FEPUFwTDm,85,194,82,专业版微博,A股,【全球牛市集体降临？五大股市7大指数刷历史新高】全球牛市忽然降临！美股新高、英股新高、印度股市新高、巴西股市新高，一水之隔的港股市场，也在今日突破10年历史大顶，恒生指数创下31983.41点的历史新高，全球牛市似乎只差A股了。全球牛市集体降临？五大股市7大指数刷历史新高,39.79960306,新高 牛市 降临 股市 全球 ,新高 牛市 股市 全球 历史 
2018/1/16 14:44,https://weibo.com/2885395354/FECV1j9eW,105,672,598,微博 weibo.com,A股,#成都分享#【#最穷上市公司#：账上只剩178元 网站欠费被关停】你能想象，堂堂一家A股上市公司，账面上只有100多块钱，是什么情景？我们出门随身带的钱包里恐怕也远远不止这个数。近日有细心的投资者发现，深交所主板上市公司*ST华泽的官网已经打不开了。1月12日，*ST华泽通过互动易平台回复投资者问询时表示：公司网址因欠费暂停。*ST华泽背后有着一段令人心酸的境遇。该公司被关联方违规占用资金14.97亿元，而拥有552名员工的*ST华泽2016年报公布的净资产才8.5亿元。令人遗憾的是，这件牵动6万多投资者的事情从曝光至今已接近2年时间，但一直没有实质性进展。（via 每日经济新闻）网友：我竟然比上市公司有钱...[doge][组图共2张],31.36865247,ST 华泽 欠费 上市公司 投资者 ,投资者 公司 没有 问询 表示 
2018/1/16 22:21,https://weibo.com/1564198397/FEFULwNCx,294,47,36,360安全浏览器,A股,#企鹅复盘# 144期，A股市场没有新鲜事，投资进化靠的就是认知升级，而你看到的都是你想看到的，看不到的也不会有人白白分享给你。今日视频利用每天复盘的联动路径讲讲 “ 大局观 ” 希望能唤起你的历史记忆。大家认可的话，我可以抽空码文字版分享[作揖] 套利企鹅的秒拍视频,20.47250649,复盘 企鹅 视频 分享 大局观 ,复盘 没有 分享 作揖 记忆 
2018/1/19 21:49,https://weibo.com/5907174545/FF7ZgcYHa,1362,494,231, ,A股,我不管大家都必须给我看陈立农跳舞啊啊啊啊啊啊不仅唱歌好听 跳舞也很可爱啊 我求大家走过路过必须点开看 优质A股一路飘红 睡觉也不行吗的秒拍视频,10.43356394,啊啊啊 跳舞 陈立农 我求 A股 ,跳舞 开看 A股 唱歌 路过 
2018/1/19 23:14,https://weibo.com/2144596567/FF8xppKhm,348,89,89,HUAWEI Mate 9,A股,浦发银行成都分行的故事，是去年让一些人不敢买银行股甚至不敢买A股的主要原因，后来看到银行股节节攀升，大家都把气撒在了浦发银行身上，现在消息出来了，也算一大利空出尽吧。,-5.259633182,浦发银行 A股 出尽 不敢 银行 ,原因 攀升 银行 看到 故事 
2018/1/20 17:02,https://weibo.com/1638782947/FFfxaqaeu,284,179,378,专业版微博,A股,【仲继银：阿里腾讯不在A股上市是中国资本市场的悲哀】百度在纳斯达克上市，阿里在纽交所上市，腾讯在港交所上市，我们国内最优秀的一批互联网公司，都没有在A股上市。中国社科院研究员仲继银认为，这是中国资本市场的悲哀，“我们仅仅是这些公司的消费者，而不是他们的股东。”仲继银：阿里腾讯不在A股上市是中国资本市场的悲哀,-14.19913734,仲继银 A股 上市 腾讯 悲哀 ,上市 中国 资本 A股 市场 
2018/1/19 10:42,https://weibo.com/2144596567/FF3CdBmvd,311,21,40,HUAWEI Mate 9,A股,你问：为什么每次闭关后行情都不错？ 我答：运气好，也可能是因为闭关需要花钱吧。 是的，我运气比较好，年关前谈得最多的大金融、落难英雄表现都不错。希望自己好运继续，2018A股完美呈现“继往开来”。,20.72743651,闭关 运气 不错 我答 前谈 ,闭关 可能 A股 表现 需要 
2018/1/19 11:34,https://weibo.com/2031030981/FF3XkDF66,135,84,32,微博 weibo.com,A股,发布了头条文章：《12月经济数据解读》 注意看文中M1-M2对比A股&amp;房价的图。 12月经济数据解读,9.169272247,12 解读 M1 M2 A股 ,A股 解读 数据 文章 头条 
2018/1/21 21:40,https://weibo.com/1638782947/FFqMg46rM,59,141,173,微博 weibo.com,A股,【不到一年白酒卖出5189亿 去年哪个省份的人喝酒最多?】　近期股票市场白酒的表现背后，是近年来白酒消费的不断走高。贵州茅台1月15日市值破万亿，成为A股第一个市值突破万亿的消费股。临近年关，很多人认为贵州茅台仍有上升空间。近期股票市场白酒的表现背后，是近年来白酒消费的不断走高。日前有报道称，2017年1-11月，全国规模以上白酒企业累计完成销售收入5189.15亿元，比上年同期增长13.48%；累计实现利润总额897.75亿元，比上年同期增长33.53%。此外，近年来白酒销售收入也是不断提升。http://t.cn/RQW9XRB,31.54350492,白酒 近年来 消费 销售收入 茅台 ,白酒 累计 消费 走高 销售收入 
2018/1/21 3:40,https://weibo.com/1638782947/FFjIdCtuy,123,67,80,微博 weibo.com,A股,【罗辑思维拟2018申请A股IPO 知识付费上市路将开启？】2016年被称为知识付费元年，大量知识付费类App及重量级子栏目上线。知识付费持续获资本青睐，仍处于高速增长中。尽管知识付费的风口谁能拔得头筹暂未可知，但若能抢先一步登陆资本市场对品牌溢价势能产生更大助力。罗辑思维拟2018申请A股IPO 知识付费上市路将开启？,39.88806197,付费 知识 罗辑 2018 A股 ,知识 付费 资本 A股 品牌 
2018/1/20 17:11,https://weibo.com/1648195723/FFfAOe7RS,385,41,33,微博 weibo.com,A股,发布了头条文章：《美国政府关门，A股会怎么走？》 欢迎转发，多转发互动才不会漏掉我微博。 美国政府关门，A股会怎么走？,7.793183015,A股 转发 关门 美国政府 微博 ,转发 文章 关门 头条 发布 
2018/1/21 9:41,https://weibo.com/1639498782/FFm4pezsV,51,32,37,微博 weibo.com,A股,【“区块链”火烧资本市场】1月5日，受海外市场区块链概念股暴涨的刺激，A股众多与区块链沾边的上市公司股价也开始普涨。以迅雷、暴风、人人网等公司为代表的老牌互联网企业试图依靠区块链技术实现自身的转型，但作为比特币底层技术的区块链，其实是一种去中心的分布式记账方式，大部分上市公司仅仅发表了意图进行区块链研究的公告，并无实际研究成果或创新。这究竟是一场资本市场套利，还是货真价实的商业模式？http://t.cn/RQCPAGj,31.51177578,区块 A股 普涨 网等 http ,区块 技术 市场 依靠 老牌 
2018/1/2 2:51,https://weibo.com/5083518500/FCqgxqX9L,11,11,10,iPhone客户端,A股,【2017年A股行情极端分化】分析认为，2017年行情仍是对上一轮牛市散场后的生态恢复，即低估值股票逐渐恢复至正常估值水平，而高估值股票继续挤泡沫、压估值。在市场整体信心低迷、机构避险求稳心态上升、散户逐渐退出、存量资金主导的背景下，A股走出了极端分化的行情：蓝筹白马股牛市，估值不具优势的小盘股熊市。2018年，A股市场流动性会出现更大的紧缩，A股估值水平将会受到压制，预计结构化行情仍会延续。,24.74956164,A股 估值 2017 行情 牛市 ,估值 A股 行情 极端 分化 
2018/1/18 6:29,https://weibo.com/6137409076/FESxkmPdw,12,103,59,百度分享,A股,【联连理财的发展】 近日，A股主办上市公司中路股份旗下的P2P平台联连理财正式宣布在去年里先后完成了银行存管、资产限额这两个合规的难点，并且其在电子合同方面也做出了多项努力，整体的平台合规性越来越高。要知道，当下《暂行办法》、《信披指引》等P2P文件的陆续发布，让网贷行业的合规路径越来越鲜明。 http://t.cn/RQa3A7Y,23.46838032,联连 P2P 合规 理财 平台 ,平台 股份 合规 理财 行业 
2018/1/18 6:29,https://weibo.com/6137409076/FESx0maEu,10,111,66,百度分享,A股,【蹭热度还是图发展，中国软实力的区块链之路好走吗？】 　港股解码，香港财华社王牌专栏，20年专注港股，金融名家齐聚，做最有深度的原创财经号。看完记得订阅、评论、点,26.56040474,港股 链之路 财华社 20 区块 ,港股 发展 实力 中国 香港 
2018/1/17 11:35,https://weibo.com/1670404053/FEL6U7PQd,43,21,0,微博股票,A股,A50冲高回落，有回调欲望，整体趋势保持不变。a股指数难有大回调上证指数 sh000001,3.913714288,回调 A50 冲高 sh000001 难有 ,回调 欲望 趋势 整体 不变 
2018/1/17 17:41,https://weibo.com/5324058815/FENvngAhT,14,10,10,微博 weibo.com,A股,大家都在说港股创历史新高，这个大新闻，晚上估计要上新闻联播了！  现在全球大牛市，美股上2万6，日股2万4，港股上3万，个个创新高，A股还在3400，不知道的以为是一线城市跟五线城市房价对比，惭不惭愧？不过，这也不是坏事，虽然咱们涨得少，但潜力大啊；虽然股民不赚钱，但股灾多啊！ [组图共2张],9.22025074,港股 美股 日股 A股 3400 ,赚钱 港股 新高 城市 新闻 
2018/1/20 8:14,https://weibo.com/1651428902/FFc4PCut8,21,24,0,21广场,A股,【腾挪香港上市平台：“断臂”后万达资产布局路径渐明】万达商业的资产布局正在变得清晰：以文旅和酒店管理为主的轻资产业务在香港上市，以万达广场为主的轻重结合业务则谋求A股上市。经历过出售文旅和酒店项目而“断臂”的万达商业，正在重新实施资产布局。腾挪香港上市平台：“断臂”后万达资产布局路径渐明（21）,44.28016942,万达 断臂 布局 资产 渐明 ,资产 上市 布局 香港 文旅 
2018/1/21 11:25,https://weibo.com/1801487174/FFmKG2DhL,34,28,36,微博 weibo.com,A股,【水皮：美元正在杀死某些低价股！A股投资者不得不防】根据经验来讲，当加息加到第六轮的时候，它就一定会对当前的股市产生拐点的作用，因为毕竟财务成本上涨之后，对于上市公司的业绩是会有负面影响的，那个时候很可能会形成阶段性头部，这一点中国的A股投资者不得不防。(华夏时报)http://t.cn/RQWugku,8.597755109,A股 不得不 http cn RQWugku ,A股 作用 形成 可能 头部 
2018/1/20 12:58,https://weibo.com/1642585887/FFdVSahEh,22,22,19,微博 weibo.com,A股,#上市公司那点事儿# 【最穷A股公司：账上仅剩178元 报价18万卖官网域名】停牌近两年的*ST华泽竟因为“穷”当了一次网红。近日，*ST华泽因自曝公司官网“欠费停机”而广受关注，被称为“最穷上市公司”。中新经纬发现，目前该公司官网域名已被公开挂出转让，报价18万元。事实上，A股3400多家上市公司，除“最穷”的*ST华泽外，还有一些公司也超出了你的想象力。http://t.cn/RQpWM5R,27.15302546,官网 ST 最穷 A股 18 ,公司 官网 域名 停机 报价 
2018/1/21 13:33,https://weibo.com/1649173367/FFnAAb6cx,27,18,7,微博 weibo.com,A股,【A股加速进入行业寡头时代？看看行业大佬怎么说】2017年，A股行情说明中国经济的行业集中度加速提升，寡头化时代正悄然来临。去年，传统产业股票大幅上涨后，依靠新经济转型的中国经济还需不需要传统产业，市场对此存在争议。这场源于盈利驱动的价值投资盛宴，2018年能否继续上演？http://t.cn/RQW3SEX,25.8031733,A股 传统产业 寡头 行业 加速 ,经济 行业 中国 传统产业 寡头 
2018/1/21 0:11,https://weibo.com/1699540307/FFilh6FoG,31,17,36,微博 weibo.com,A股,【乐视网复牌之后的机会】新年后的这个月里，2017年A股市场里现象级的个股黑天鹅“乐视网”似乎有进入下一章的迹象。当19号乐视网以一系列公告“摊牌”之后，投资者恐怕还是倒吸一口凉气。根据公告，乐视网计划下周二召开投资者说明会。乐视网真的要在近期复牌吗？有多少个跌停在前面等着它？详戳↓ http://t.cn/RQOkIq0,25.31974977,视网 复牌 2017 A股 19 ,视网 公告 投资者 现象 计划 
2018/1/20 16:36,https://weibo.com/3053584302/FFfmnbt5a,27,0,9,魅族 MX6 遇见好照片,A股,2018开年小伙伴们又有好消息了[委屈]只有短短的10几天仅银行板块就已经市值增长1.2万亿[钱]市场中1.3万亿小伙伴是不是又可以平均到小9000呢[嘘]小伙伴们你们收到了吗[允悲]A股现在只有两种票一种叫上证50票，一种叫其他票[可怜]#盘前小点兵##新年新套路#,19.22858009,小伙伴 万亿 2018 10 1.2 ,小伙伴 小点 好消息 板块 市值 
2018/1/20 20:29,https://weibo.com/1624137625/FFgTc0wB0,31,19,1,360安全浏览器,A股,金融股更适合用市净率指标来评判估值高低，截至昨日，在9家已披露年报业绩预告且预喜的金融类公司中，有6家公司市净率处于在2倍以下：渤海金控(1.16倍)、宝硕股份(1.34倍)、五矿资本(1.43倍)、宁波银行(1.88倍)、经纬纺机(1.90倍)和$江阴银行 sz002807$ (1.91倍)等。在价值投资风格继续主导当前A股市场的背景下，这些低估值年报预喜金融股值得关注。,41.60795904,预喜 市净率 金融股 年报 金控 ,预喜 年报 估值 银行 市净率 
2018/1/21 6:46,https://weibo.com/1801487174/FFkVnwDEA,23,20,10,微博 weibo.com,A股,【云南信托“重仓股”频暴跌 “去通道”监管影响渐显】涌金系旗下的云南信托一直都对股票市场情有独钟，不过随着信托行业监管的收紧以及股票市场风向的转变，向来在A股市场顺风顺水的云南信托近来频频踩雷，其所重仓的股票接连跌停。（中国经营报） 云南信托“重仓股”频暴跌 “去通道”监管影响渐显,11.10401927,信托 云南 渐显 监管 重仓股 ,信托 云南 监管 跌停 通道 
2018/1/20 15:11,https://weibo.com/1862817181/FFeO061Ch,40,11,8,微博 weibo.com,A股,#小玫看盘# #今日看盘# 不知道是不是第一个宣布这个判断的博主，但昨天本博已在长微博中宣布：A股的初牛已来！2018的收益可期，好好珍惜，好好把握，不断预告，不断验证！,19.68020804,看盘 好好 小玫 博主 本博 ,宣布 预告 A股 看盘 知道 
2018/1/21 10:30,https://weibo.com/1988800805/FFmoiFMml,31,44,58,微博 weibo.com,A股,【华大基因2亿元开始人造生命 有谱没谱概念先玩上】这家基因检测公司上市以来，深陷各种争议和造假丑闻，近期又玩起了人造生命的概念，可研发投入与其目标并不相符。A股的一家公司将在10年内实现人造生命？更重要的是，1-2亿元左右的研发投入确实太低了。华大基因2亿元开始人造生命 有谱没谱概念先玩上,-5.991875515,人造 生命 华大基因 有谱 先玩上 ,生命 人造 公司 深陷 上市 
2018/1/20 16:26,https://weibo.com/1193725273/FFfij8MvC,27,31,11,微博 weibo.com,A股,【“富二代”借600元起家，如今增值1亿倍，秘诀只有6个字】在全球经济不景气以及国内房地产调控的双面夹击之下，家居企业的日子并不好过，但有一家企业，不仅营收连续四年增长，战胜国际巨头，2018年1月17日还登陆A股，开盘即涨43.99%，市值曾一度高达580亿，是首家横跨港股和A股的家居零售企业，成为家居流通行业名副其实的领头羊。 它就是红星美凯龙，这家企业的名字有点“土洋结合”，创始人车建新的成长轨迹也与品牌极为契合：出身普通农家，根生于传统文化，却不甘平庸，不断求新求变。 曾有媒体这样评价车建新：“温文尔雅，总是带着笑意，没有行业老大的飞扬跋扈，反而闪烁着若隐若现的天真。”http://t.cn/RQ0o9sQ,67.99700245,家居 A股 建新 企业 土洋结合 ,家居 企业 A股 建新 行业 
2018/1/21 0:13,https://weibo.com/1956700750/FFilWdbFg,51,20,31, ,A股,【仲继银：阿里腾讯不在A股上市是中国资本市场的悲哀】百度在纳斯达克上市，阿里在纽交所上市，腾讯在港交所上市，我们国内最优秀的一批互联网公司，都没有在A股上市。中国社科院研究员仲继银认为，这是中国资本市场的悲哀，“我们仅仅是这些公司的消费者，而不是他们的股东。”,-15.01715904,上市 仲继银 A股 腾讯 悲哀 ,上市 中国 A股 市场 资本 
2018/1/20 22:34,https://weibo.com/1917488115/FFhI1snTm,103,13,29,华为Ascend Mate7,A股,【14天市值飙升1.2万亿！开年后的A股：一种叫金融股，一种叫其他股】进入2018年之后，A股走出了一轮许久未见的上涨行情，先收下纪录级别的十一连阳，在一根阴线之后，又走出四连阳。A股的强势行情，金融股功不可没，甚至有人总结道：A股市场这几天只有两种股票，一种叫金融股，一种叫其他股……http://t.cn/RQNxGrD,12.79964117,A股 金融股 连阳 一种 14 ,A股 行情 连阳 走出 金融股 
2018/1/21 7:36,https://weibo.com/5994820427/FFlfYDUlc,41,93,3,可爱的??iPhone 6s Plus,A股,我发表了头条文章:《干货分享：A股市场行业龙头股名单一网打尽》 干货分享：A股市场行业龙头股名单一网打尽,17.12240306,A股 干货 一网打尽 行业龙头 分享 ,干货 市场 A股 分享 行业龙头 
2018/1/20 22:03,https://weibo.com/1787567623/FFhvtnW7n,26,32,5,Weibo.intl,A股,【区块链技术要到2025年才成熟 现在这么火正常吗？】区块链突然成为A股市场追逐的热点，数十家上市公司在宣布涉足区块链概念后大涨。上交所和深交所均发布公告，强化对区块链炒作的监管。次日，区块链概念遭到重挫。能在两周内引爆市场又迅速“哑火”的区块链究竟是什么？它的未来会怎样？via@界面 [组图共6张],18.62497086,区块 哑火 2025 A股 后大涨 ,区块 概念 市场 A股 追逐 
2018/1/19 12:32,https://weibo.com/2527963232/FF4kYyXqx,72,47,114,超话,A股,2018-1-19早评:        大盘持续创新高确实十分强势，但考虑到整体赚钱效应不佳，所以指数 表现存在明显失真，A股结构性分化行情也并未因为指数走牛而有根本改观。而从金融股这两天冲高回落的走势来看，短线操作上追高追强被套风险依旧很大，投资者仍注意以低吸为主。　　与以往炒作不同的是，现在的热点是相对多元化的，运行路径较为曲折，绝对的主线运行周期也不长。由于主力资金选择面更广，给投资者的感觉是，好像很多股都有机会，但又不好把握。建议投在投资过程中筛选基本面优秀，并且主营业务收入及利润大幅增长的品种是较为安全和理想的选择！,-26.9658347,选择面 2018 19 早评 A股 ,投资者 运行 考虑 不长 利润 
2018/1/21 14:55,https://weibo.com/5876193519/FFo8brR7U,51,39,39,微博 weibo.com,A股,A股部分公司PEG排名，前三名$蒙草生态 sz300355$  $晨鸣纸业 sz000488$  $神州长城 sz000018$ ，本次加入$迪森股份 sz300335$ 。 #PEG排名#  （源自雪球-小鹿进门） [组图共3张],21.91989503,PEG 排名 A股 蒙草 sz300355 ,进门 部分 纸业 长城 股份 
2018/1/21 12:36,https://weibo.com/5993531560/FFndrB7Hq,5,22,10,微博 weibo.com,A股,【罗辑思维拟2018申请A股IPO 知识付费上市路将开启？[笑而不语]】拥有600多万粉丝的“罗胖”，要带领他的《罗辑思维》进军A股了？目前，知识付费持续获资本青睐，仍处于高速增长中。尽管风口谁能拔得头筹暂未可知，但若能抢先一步登陆资本市场对品牌溢价势能产生更大助力。（经济观察报）你怎么看？,31.20742677,罗辑 A股 付费 思维 知识 ,资本 付费 拥有 A股 知识 
2018/1/20 18:02,https://weibo.com/1664176597/FFfVEn6VO,5,14,12,微博 weibo.com,A股,【都说1月是解禁高峰，为何股指反而创出新高？】 早在2017年第四季度伊始，市场便早早观察到，2018年1月A股将迎来解禁洪峰，并进而成为市场在去年11月步入了长达一个半月周期的调整季的重要导火索。但是这种“解禁论”终被指数的不断攀升而“打脸”，而“解禁魔咒”也越来越疑似成为黄粱一梦。 http://t.cn/RQ08lNG,16.06075458,解禁 黄粱一梦 2017 2018 A股 ,解禁 股指 市场 成为 步入 
2018/1/19 16:32,https://weibo.com/5748565088/FF5UCB3zm,26,13,13,荣耀V8 脱影而出,A股,炒了半天，最后发现不是A股港股化，而是港股A股化。本来么，太阳怎么可能绕着地球转，都是股市伪科学家去年喊出来的[允悲],-4.45597437,A股 港股 允悲 喊出来 科学家 ,可能 港股 股市 科学家 喊出来 
2018/1/19 21:23,https://weibo.com/5645756008/FF7ODzofi,10,11,2,iPhone X,A股,我发表了头条文章:《港股A股化，A股港股化，一个统一的中国资本市场将呼之欲出》 港股A股化，A股港股化，一个统一的中国资本市场将呼之欲出,16.65676314,A股 港股 呼之欲出 统一 头条 ,A股 港股 统一 资本 市场 
2018/1/20 22:57,https://weibo.com/5886617411/FFhR5pG4u,66,14,28,微博 weibo.com,A股,中兴居然出了一个双屏“炒股”手机[生病][生病][生病][生病]……  经常阅读电子书，不知道这样的体验如何。如果要做投资5G这个赛道，在A股用来遏制华为的中兴是唯一选择。[笑cry] $中兴通讯 sz000063$ http://t.cn/RQOQhKU [组图共4张],-13.75893568,生病 中兴 双屏 赛道 5G ,生病 知道 用来 赛道 中兴 
2018/1/20 8:52,https://weibo.com/1673877022/FFck2eQOL,21,36,12,iPhone客户端,A股,对比万亿市值的一瓶酒，潍柴这种全球竞争力的高端制造龙头还在千亿以下真是A股的一个耻辱！[,6.9203541,潍柴 A股 千亿 耻辱 一瓶 ,竞争力 全球 高端 制造 市值 
2018/1/20 9:05,https://weibo.com/1410248531/FFcpE3mci,22,40,21,微博 weibo.com,A股,发布了头条文章：《“最穷上市公司”现象说明了什么》   #原创首发#  #话题词#  就大股东占款来说，实际上也是受到管理层监管的。在A股市场的历史上，管理层还特意对上市公司大股东占款情况进行了专项清欠，当时还取得了较好的成效。然而，清欠归清欠，占款还在发生。象*ST华泽的大股东，在2013～2015年违规占款达到近15亿元。这其中至关重要的一点就是相关制度的缺失，以至大股东把上市公司当成了自己家里的提款机。 http://t.cn/RQpMwAI,19.73501084,占款 清欠 股东 上市公司 管理层 ,占款 清欠 股东 进行 情况 
2018/1/21 16:22,https://weibo.com/1807715644/FFoHotqd1,13,14,29,三星 GALAXY Note8,A股,#郎摘新闻# 【社科院研究员仲继银：阿里腾讯不在A股上市是中国资本市场的悲哀】百度在纳斯达克上市，阿里巴巴在纽交所上市，腾讯在港交所上市，我们国内最优秀的一批互联网公司都没有在A股上市。仲继银认为这是一种无奈，“这种情况下，我们仅仅是这些公司的消费者，而不是股东。”http://t.cn/RQ0lpwt,-18.66831595,上市 仲继银 A股 腾讯 纽交所 ,上市 A股 公司 没有 市场 
2018/1/20 18:58,https://weibo.com/1649173367/FFgi0ghgK,26,14,17,微博 weibo.com,A股,【A股在解禁洪峰下创两年新高，连这些“魔咒”都失灵了】早在2017年第四季度伊始，市场便早早观察到，2018年1月A股将迎来解禁洪峰，并进而成为市场在去年11月步入了长达一个半月周期的调整季的重要导火索。但是这种“解禁论”终被指数的不断攀升而“打脸”，甚至连多次应验的A股“魔咒”也一一失灵。http://t.cn/RQ0Yb2h,7.786260883,A股 魔咒 解禁 失灵 洪峰 ,A股 市场 魔咒 步入 调整 
2018/1/21 18:42,https://weibo.com/1642585887/FFpC1vVUR,12,8,5,超话,A股,#大v看市#【广发策略戴康：A股结构性特征延续 重估大周期】由于本轮机构投资者与居民的赚钱效应差异较大，因此增量资金更多通过委托管理的方式入A股，我们认为符合“更注重业绩增长，性价比更高，投资久期更长”条件的股票将得到青睐，而非部分投资者博弈重复购入重仓股的策略。广发策略戴康：A股结构性特征延续 重估大周期,41.11814853,A股 戴康 重估 策略 广发 ,A股 策略 投资者 结构性 居民 
2018/1/21 19:23,https://weibo.com/1649173367/FFpSEdCj6,19,12,6,微博 weibo.com,A股,【腾挪香港上市平台：“断臂”后万达资产布局路径渐明】万达商业的资产布局正在变得清晰：以文旅和酒店管理为主的轻资产业务在香港上市，以万达广场为主的轻重结合业务则谋求A股上市。经历过出售文旅和酒店项目而“断臂”的万达商业，正在重新实施资产布局。@万达集团 腾挪香港上市平台：“断臂”后万达资产布局路径渐明,43.45815579,万达 断臂 布局 资产 渐明 ,上市 资产 布局 香港 业务 
2018/1/19 9:10,https://weibo.com/1649173367/FF310E1N6,15,11,3,微博 weibo.com,A股,【中国平安盘中股价创历史新高，外资买入逾3亿；这两只个股连续25日被增持】#掘金沪深股通# 18日，统计数据显示，沪深股通资金净流入A股超18亿元。外资通过沪深股通增持A股1000万元以上个股有79只，宝钢股份、长江电力外资持股量创出历史新高；欧派家居和水井坊连续第25个交易日呈现资金净流入的状态。外资继17日抛售大金融板块类个股后，昨日又增仓了金融板块个股。外资减持A股1000万元以上的个股有24只，相较于前一交易日，数量大幅减少。http://t.cn/RQ92lJP,45.2151667,股通 A股 外资 个股 25 ,外资 历史 新高 资金 A股 
2018/1/19 22:08,https://weibo.com/1875034341/FF86YDbKu,15,14,6,微博 weibo.com,A股,【H股全流通，又一场股权分置改革盛宴？】05年A股股权分置改革全面铺开，造就了05-08年A股的大牛市。中信认为，“H股全流通”将令“沪港深三地市场”进一步一体化，意义堪比05年改革，但推出类似当时大规模对价补偿机制的改革方案可能性不大。详见华尔街见闻网站和APP,11.10577938,05 H股 A股 改革 全流通 ,改革 股权 全流通 H股 补偿 
2018/1/19 13:43,https://weibo.com/5748565088/FF4NF6IUn,25,14,12,微博 weibo.com,A股,发布了头条文章：《“天上人间”重返A股》 ――经历6年跌宕起伏，仍在国内院线企业中保持前三。如今谋求A股上市，要看手段够不够多，决心够不够硬。 “天上人间”重返A股,11.7591689,A股 天上人间 够不够 重返 院线 ,A股 天上人间 够不够 文章 重返 
2018/1/20 14:02,https://weibo.com/5192242809/FFelRdJor,20,57,31,微博 weibo.com,A股,富士康可能要在A股上市，从而布局工业互联网，摆脱代工的模式，从品牌的角度，只要你叫富士康这个名字，大家都知道你是代工的[二哈],9.764503795,富士康 代工 A股 二哈 互联网 ,代工 摆脱 布局 工业 上市 
2018/1/19 16:43,https://weibo.com/2772291221/FF5YYFifh,0,25,39,微博 weibo.com,A股,【每周一猜】今晚几家IPO？参与竞猜赢A股脱水研报一份哦~ http://t.cn/RQCfkF1,6.414893365,一猜 IPO A股 研报 http ,脱水 竞猜 A股 参与 研报 
2018/1/19 11:56,https://weibo.com/5676936152/FF46eDjiC,126,16,191,一直播主站,A股,#波浪解读美股解密A股#波浪灯塔-薛武辉的一直播（下载App-&gt;http://t.cn/RqKYxu7）,3.964746793,波浪 美股 A股 薛武辉 App ,A股 直播 下载 解读 灯塔 
2018/1/19 15:38,https://weibo.com/2183570524/FF5yopVP4,18,10,20,雪球网,A股,【史上最穷上市公司！账上只剩178元，网站欠费被关停！】@沪上金融圈   你能想象，堂堂一家A股上市公司，账面上只有100多块钱，是什么情景？我们出门随身带的钱包里恐怕也远远不止这个数。 最近就真有一家这样的公司被曝光，由头竟是因为公司官网突然的“停摆”。就在投资者们纷纷打听官网“去哪儿了”的时候，互动易平台上这家公司却出面表示：我们已经欠费停机了。这家连官网的运营费都支付不起的*ST华泽，背后有着一段令人心酸的境遇。 http://t.cn/RQCUPMH,10.42568585,官网 欠费 这家 178 A股 ,官网 欠费 心酸 A股 公司 
2018/1/19 9:26,https://weibo.com/1434387020/FF37mCLDz,20,26,4,微博 weibo.com,A股,#金融理财#发布了头条文章：《换手率在“T+0”操作中的应用》，市场的结构已经悄然发生了根本性的变化，A股市场从产生到现在27年的时间，也将越来越成熟，由股票基本面主导的行情就是市场越来越成熟的表现，而散户的资金占比和成交占比都会逐步下降 换手率在“T+0”操作中的应用,22.66499598,换手率 成熟 A股 27 应用 ,市场 占比 发布 A股 变化 
2018/1/19 20:46,https://weibo.com/1642634100/FF7zxtbuC,18,12,8,微博 weibo.com,A股,【富士康月底举行股东大会 讨论子公司内地A股上市事宜】富士康在通知中称，FII之所以选择在上海证券交易所上市，主要是因为中国内地的网络通信和云计算市场发展迅速。通过上市，FII能更好地吸引当地制造商，赢得更多商机，从而帮助公司拓展相关市场业务，并通过吸纳当地人才来强化富士康的全球竞争力。http://t.cn/RQCrk7Y,27.30268819,富士康 FII 上市 内地 A股 ,上市 内地 市场 子公司 强化 
2018/1/19 23:24,https://weibo.com/1651428902/FF8BFBlIx,17,22,0,21广场,A股,【开年后的A股，一种叫金融股，一种叫其他股，14天市值飙升1.2万亿！】A股市场这几天只有两种股票，一种叫金融股，一种叫其他股…7只银行股创历史新高…强势的不仅是银行股，整个金融板块的行情都起来了。金融股后市如何？开年后的A股，一种叫金融股，一种叫其他股，14天市值飙升1.2万亿！,6.855192093,A股 金融股 一种 14 1.2 ,金融股 起来 银行 A股 飙升 
2018/1/19 15:59,https://weibo.com/5511601349/FF5GRuZRK,90,452,0,皮皮时光机,A股,每一个在你生命里出现的人。股票都有原因，都有使命。股票推荐给了你温暖和勇气；A股你喜欢的人让你学会了爱和自持,11.36922606,A股 股票 自持 使命 勇气 ,股票 使命 喜欢 自持 勇气 
2018/1/19 11:14,https://weibo.com/1789788500/FF3Pq82oR,89,15,22,微博 weibo.com,A股,自由贸易港接力，这个热点机会不凸显，银行板块再度拉升，后续主力还会做多中字头基建股，因为在目前的A股市场当中，估值最低的除了银行板块就是中字头基建股，$中国建筑 sh601668$ 、$中国交建 sh601800$ 、中国中铁、中国中冶等等（欢迎评论提问，留下股票名称与成本，有问必答）,-8.657079984,字头 基建 有问必答 中国 A股 ,中国 银行 板块 留下 拉升 
2018/1/19 4:40,https://weibo.com/1801487174/FF1feA3kg,22,22,23,微博 weibo.com,A股,【A股上市公司将达3500家 创新能力强企业渐成生力军】随着1月17日美凯龙成功上市，沪市的上市公司数量达到了1400家。深市方面，截至1月18日，共有2095家上市公司。借力资本市场，上市公司不断做强做大。而监管层对于符合要求的、有发展潜力的优质企业通过资本市场做大做强一直以来都是予以支持的。比如，将发展直接融资特别是股权融资放在突出位置，拓展多层次、多元化、互补型股权融资渠道。创新制度安排，加大对符合国家发展战略、具有核心竞争力的高新技术企业和新经济新产业的支持力度。（证券日报） http://t.cn/RQK3lbA,70.26649593,上市公司 融资 企业 A股 3500 ,企业 融资 市场 支持 股权 
2018/1/19 20:58,https://weibo.com/5496322207/FF7Eoix8N,124,15,76,三星android智能手机,A股,[允悲]经典回顾，2016年6月15日A股入MSCI失败，看实力派当时怎么分析的，再去看看别的大V怎么分析。高低立显！[允悲][允悲][允悲] 我分享了6月15日大盘分析&amp;nbsp;补充版,19.81657375,允悲 15 分析 2016 A股 ,失败 分析 实力派 经典 回顾 
2018/1/19 18:08,https://weibo.com/2524921901/FF6xmoRMA,92,13,36,搜狗高速浏览器,A股,知道在我们大A股赚点有多么的不容易，看看这些大佬，处在如此的大牛市期间，证券公司的副总，动用如此大的数以亿元资金，获利5万元,-6.400048303,A股 赚点 数以 如此 大佬 ,证券公司 处在 大牛市 知道 资金 
2018/1/19 22:30,https://weibo.com/1664176597/FF8fGb8ib,23,17,18,微博 weibo.com,A股,【开年后的A股，一种叫金融股，一种叫其他股，14天市值飙升1.2万亿！】A股市场这几天只有两种股票，一种叫金融股，一种叫其他股……  进入2018年之后，A股走出了一轮许久未见的上涨行情，先收下纪录级别的十一连阳，在一根阴线之后，又走出四连阳。  A股的强势行情，金融股功不可没。工商银行、建设银行、农业银行大象级别的蓝筹股都突破了2007年牛市时期的历史高点，股价纷纷创下历史纪录。数据显示，年初以来短短14个交易日，银行板块市值增加了8700亿。如果算上券商和保险，整个金融板块市值飙升了1.2万亿元。http://t.cn/RQNxSEQ,23.86590365,A股 14 1.2 金融股 市值 ,行情 板块 市值 A股 级别 
2018/1/19 23:06,https://weibo.com/1621925910/FF8ucf2dC,65,19,6,360安全浏览器,A股,【小辛巴夜话3：沪港差价】中国石油的H股/A股溢价率为－47.21%；中国神华H/A溢价率为－24.6%；工商银行H/A溢价率为－17.59%；中国平安H/A溢价率为－1.8%；上海医药H/A溢价率为－29.84%……根据以往经验，当蓝筹股的A股价格全面超越H股价格时，标志着市场进入了牛市。,25.2863169,率为 溢价 H股 A股 小辛巴 ,H股 价格 溢价 A股 率为 
2018/1/19 8:34,https://weibo.com/2120098567/FF2MibXwS,46,24,7,微博 weibo.com,A股,"#财经头条文章# 【股市不是用来炒的是用来持有的】 #股海十一少谈股论金# #共享股票# 近期A股的走势每天都要比我们想像的要强,都超出我们的想像,所以在比我们预期的还要强的市场当中,我们去恐高和主动回避市场都是不可取的,我们说过一定要顺大势,跟随市场的趋势,这样才能赚到趋势的红利..昆凌 蛋糕 http://t.cn/RQ9wigt",3.992438835,我们 想像 用来 少谈 股论 ,市场 趋势 用来 股票 A股 
2018/1/19 23:25,https://weibo.com/1351346293/FF8C6dGlk,63,22,25,坚果手机 Pro,A股,赢了会所嫩模，输了下海干活是A股等赌场很流行的一句话。这就是句调侃，于我而言，肉体的快感很有限，因此是赢了仰望星空，输了琐碎平庸。有钱了，为的就是能够做一些不挣钱的美好事情。否则，生命就消耗在无意义的简单劳作之中。我这一年多最常做的噩梦就是一生一事无成。[摊手],5.060115089,所嫩模 A股 摊手 就是 一事无成 ,A股 挣钱 意义 消耗 事情 
2018/1/19 22:30,https://weibo.com/1680685707/FF8fyw56U,71,154,9,微博 weibo.com,A股,【A股各行业利润环比连增+同比暴增个股一览表，30家步入绩优股行列 】,8.725147883,A股 连增 30 绩优股 一览表 ,步入 一览表 行业 利润 A股 
2018/1/19 23:07,https://weibo.com/1649470535/FF8uKfU4D,62,127,5,Weibo.intl,A股,【A股各行业利润环比连增+同比暴增个股一览表，30家步入绩优股行列 】 （云财经）,11.12310395,A股 连增 30 绩优股 一览表 ,步入 一览表 行业 利润 A股 
2018/1/19 20:18,https://weibo.com/1875034341/FF7olm0uz,13,75,31,微博 weibo.com,A股,【A股银行业估值这么低，到底值不值得买？】分析师认为，A股银行板块估值从纵向看处于历史区间底部，和其他行业相比也是最低。在监管天花板确立以及银行净资产稳定性增强的情况下，银行股估值持续提升的基础已经形成。详见华尔街见闻网站和APP,5.608230324,A股 估值 银行 APP 值不值得 ,银行 估值 A股 纵向 净资产 
2018/1/19 23:28,https://weibo.com/3486065922/FF8DtAEfg,64,57,38,iPhone 6,A股,民意不可违：  IPO就是造富原始股东的圈钱游戏， 超速IPO市场承受不了快速扩张的市值， 存量资金大量流入港股美股， A股市场继续失血， 只能向下修正估值， 机构抱团取暖， 扎堆大国企大蓝筹， 很多国企都是靠垄断维持， 大而不强后劲乏力， 这是价值投资？ 看看@证监会发布 下面的评论， 民意不可违……  @人民网 @新华网 @凤凰网 @环球网 @侯宁@天津股侠 @馀丰慧 @宇辉战舰 @郑凯MK  @皮海洲 @风口笑笑君 @姚忠震 @A股侠女  http://weibo.com/u/3486065922[组图共6张],8.456312769,IPO A股 不可违 民意 国企 ,市场 看看 A股 抱团 失血 
2018/1/19 23:28,https://weibo.com/1649173367/FF8D6gYCL,45,25,47,微博 weibo.com,A股,【14天市值飙升1.2万亿！开年后的A股：一种叫金融股，一种叫其他股】进入2018年之后，A股走出了一轮许久未见的上涨行情，先收下纪录级别的十一连阳，在一根阴线之后，又走出四连阳。A股的强势行情，金融股功不可没，甚至有人总结道：A股市场这几天只有两种股票，一种叫金融股，一种叫其他股……http://t.cn/RQNxGrD,12.79964117,A股 金融股 连阳 一种 14 ,A股 行情 连阳 走出 金融股 
2018/1/19 16:12,https://weibo.com/2183570524/FF5Mhu3s4,26,48,18,雪球网,A股,【7个大咖谈银行股，“如果当天涨幅超过3%，要格外关注”】@聪明投资者   以下是近半年来7位投资大咖对银行股的看法和思考逻辑： 1，少数派周良：四大行真正A股自由流通市值加一起不到1800亿 2，世诚投资陈家琳：哪天银行当天涨幅超过3%，要格外关注 3，丰岭资本金斌：不担心坏账了，银行股就很便宜了 4，高毅资产邓晓峰：市场对中国银行业存在四大误解 5，源乐晟杨建海：现在的银行还是危机定价 6，沣杨资产吴亮：银行一直配很少，因为没想很明白 7，富国基金朱少醒：不能把银行作为板块机会 http://t.cn/RQCqrqe,18.40632927,银行 3% 格外 当天 咖谈 ,银行 不能 看法 流通 市值 
2018/1/19 8:02,https://weibo.com/1068385283/FF2zlEu5T,140,9,6,HUAWEI Mate 10,A股,#辉声辉色论涨停# 隔夜欧美股市涨跌不一，道指跌0.37%，标普跌0.16%，纳指跌0.03%，泛欧STOXX 600指数涨0.19%；WTI原油跌0.03%，纽金跌0.9%。外围整体表现偏弱，对A股开局有负面影响，超级大象股疯涨行情使得指数表现存在明显失真，分析指数已经意义不大，八股的命运还要看上证50脸色。#短线牛股#,-5.926682114,0.03% 指数 辉声 辉色论 指跌 ,指数 表现 存在 涨停 欧美 
2018/1/19 23:05,https://weibo.com/1875034341/FF8u1Augj,27,24,17,微博 weibo.com,A股,【代工巨头求转型 富士康接近申请A股上市】鸿海精密通知股东本月末开会讨论，子公司富士康工业互联网申请在上交所上市。上月鸿海董事会已通过申请在A股上市提案。鸿海去年三季度创出九年最大净利降幅，鸿海系企业正加紧登陆A股、向工业互联网转型。（文章链接见评论区，更多精彩内容请下载华尔街见闻APP）,42.42123001,A股 鸿海 富士康 申请 上市 ,申请 A股 转型 工业 互联网 
2018/1/19 19:35,https://weibo.com/6179517662/FF76OvBLg,45,111,23, ,A股,"#专访# 【对话首席经济学家：中国经济最大的风险是因“胆怯”而停止去杠杆】A股纳入MSCI情绪作用大于实际？2018年全球股市开门红，势头能保持吗？专访交银国际首席经济学家@洪灏 来自首席的观点，专访走起！China EconTalk: Hong Hao, Chief Economist of BOCOM International. http://t.cn/RQCEfIH",28.78541287,专访 首席 经济学家 A股 MSCI ,首席 经济学家 专访 A股 情绪 
2018/1/19 15:07,https://weibo.com/1649159940/FF5m4y3Gm,22,36,12,微博 weibo.com,A股,【A股周评：油服行业：躺在周期底部等待上升】- 随着国际原油价格的超预期上涨，躺在估值和价格底部的油服行业即将迎来基本面改善。油服行业的周期见底迹象在2017年初已经出现，但业绩改善要到2018年才能体现。作者@傅峙峰 http://t.cn/RQCzvLc 油服行业：躺在周期底部等待上升,11.19922099,油服 底部 周期 行业 等待 ,油服 行业 改善 基本面 预期 
2018/1/18 22:05,https://weibo.com/1664176597/FEYF4i5YH,7,15,12,微博 weibo.com,A股,【晚间资讯丨银行相对港股已全面溢价 机构喊出“基本面牛市”】从AH溢价来看，目前9只同时AH上市的银行股已经全面溢价，中信银行A股对H股的溢价率达到41.28%；招商银行的溢价率最低，为7.34%;其他银行股溢价率在17%至28%之间，建设银行、光大银行和民生银行的溢价率均稍高于27%。晚间资讯丨银行相对港股已全面溢价 机构喊出“基本面牛市”,25.29442106,溢价 AH 银行 全面 晚间 ,溢价 全面 银行 港股 机构 
2018/1/18 23:30,https://weibo.com/1908417784/FEZdwrXsd,14,11,0,遂昌金矿的iPhone 7 Plus,A股,【广发策略戴康：今年A股的投资主线就是配置大周期】  1月18日讯，广发证券首席策略分析师戴康表示，2018年将是全球基本面牛市的确认，A股的基本面牛市不会缺席。在成长股（在2013年至2015年上半年完成）和部分消费股完成戴维斯双击后，周期股今年将迎来戴维斯双击。看好全年战略性配置大周期之母金融（依次是银行地产、非银金融），非银金融享受基本面牛市的贝塔；受益于全球经济复苏的化工、基本金属；国内盈利稳定增强的煤炭、钢铁、工程机械重卡。 http://t.cn/R2dLE16显示地图,-12.77028208,双击 戴康 A股 非银 牛市 ,牛市 基本面 A股 全球 配置 
2018/1/18 19:38,https://weibo.com/5227458836/FEXHpEbtu,13,8,5,iPhone客户端,A股,据中国证监会网站的消息，在1月17日证监会第十七届发审委2018年第17次工作会议上，华夏航空公司顺利通过审核，这将会是中国支线航空的第一股，也是A股第7家航空公司。,13.07857562,17 航空公司 2018 A股 第十七届 ,航空公司 华夏 会议 航空 网站 
2018/1/18 18:42,https://weibo.com/2072724293/FEXkJ7Rfx,15,18,12,专业版微博,A股,凭心而论，现在10%的大盘蓝筹是大牛市，已冲破6000点高度；而90%的小盘股，一半是普通市，一半是极熊的熊市，大半已跌破2014 年的2000点。这种极端的一九分化，一方面是国家队+公募+外资在主导；一方面是监管、打压，以及IPO的无限供应！   爱股君对蓝筹没偏见，但A股的指数编制，跟欧美完全不同，美股私企股权重最大，而银行、中字头等票权重极小，美股牛市是股民赚钱的牛市；但A股不一样，国企占据领导地位，而且由于指数权重的不合理，极易被大资金控制。   这就是为啥A股是政策市，只要国家想拉升，任何高度都不是障碍，难的是如何收场。此前证监会一直把防风险放在首位，毕竟A股估 值一直不低，容易产生系统性风险；但现在全球都疯了，A股成为洼地，那把指数推高，就是皆大欢喜的事了！因此，只要音乐不散场，A股真没法预测点位，或许，6124也不是不可能。http://t.cn/RQoS3fh,0.452132782,A股 美股 牛市 权重 指数 ,A股 指数 牛市 权重 高度 
2018/1/18 10:14,https://weibo.com/1875034341/FEU0oFunS,10,8,5,专业版微博,A股,【恒生指数高开突破32000点 腾讯平安再创历史新高】香港恒生指数高开突破32000点。腾讯控股股价上破450港元，再创历史新高。中国平安A股和港股今日双双大涨，均刷新历史新高，中国平安A股站上80元大关。详见华尔街见闻网站和APP。 [组图共3张],31.81192615,高开 32000 A股 平安 新高 ,新高 中国 历史 再创 A股 
2018/1/18 10:59,https://weibo.com/5676936152/FEUiUoa62,21,11,255,微博股票,A股,我接受了【微博财经@投资达人说】视频直播邀请，明天20:00，聊一聊&lt;波浪解读美股解密A股&gt;，预约并为我打榜，可助我登上财经频道・24小时直播台 波浪灯塔-薛武辉的股市直播 。,4.481621811,直播 波浪 微博 20 00 ,直播 登上 财经频道 视频 打榜 
2018/1/18 13:22,https://weibo.com/2868676035/FEVeSoqje,18,17,10,微博 weibo.com,A股,高盛称，中国的“四大行”和股份制银行的净利息收益率2018年将进一步回升，首选股包括建设银行和平安银行。建设银行H股、招商银行A股和H股、平安银行的评级都上调至买进。,17.02353207,H股 建设银行 银行 平安 2018 ,银行 H股 包括 评级 利息 
2018/1/18 8:58,https://weibo.com/2772291221/FETvIjR0a,4,11,5,专业版微博,A股,【海航系旗下11家上市公司，4家公司已接连停牌 】据统计，海航旗下目前有8家A股上市公司和3家港股公司，它们分别是：海航基础、供销大集、海航投资、渤海金控、天海投资、海航创新、凯撒旅游、海航控股和香港国际建投、海航科技投资、海航实业股份。近日，渤海金控、天海投资、海航控股已相继停牌，供销大集因筹划重大事项，自去年11月28日起已经停牌。 (华尔街见闻7x24直播 不止是快) http://t.cn/R64lHNR,50.96920421,海航 11 金控 大集 天海 ,投资 停牌 大集 控股 供销 
2018/1/18 9:06,https://weibo.com/3057586920/FETyUy1r7,6,14,9,东方财富网,A股,【全球牛市集体降临？五大股市7大指数刷历史新高 最便宜的是港股】全球牛市忽然降临！美股新高、英股新高、印度股市新高、巴西股市新高，一水之隔的港股市场，也在17日突破10年历史大顶，恒生指数创下31983.41点的历史新高，全球牛市似乎只差A股了。,33.95175847,新高 牛市 降临 股市 港股 ,新高 股市 牛市 全球 历史 
2018/1/18 6:57,https://weibo.com/1978672883/FESImcoVU,1,10,5,新浪财经,A股,全球牛市集体降临？五大股市7大指数刷历史新高！全球牛市忽然降临！美股新高、英股新高、印度股市新高、巴西股市新高，一水之隔的港股市场，也突破10年历史大顶，恒生指数创下31983.41点的历史新高，全球牛市似乎只差A股了。,29.17313279,新高 牛市 降临 股市 全球 ,新高 牛市 股市 历史 全球 
2018/1/18 9:08,https://weibo.com/1649173367/FETzR3H7a,23,14,8,微博 weibo.com,A股,#掘金沪深股通# 【金融“三驾马车”遭外资大幅减持，这只基建龙头股连续12日净流入】17日，沪深股通资金同时呈现净流出的状态。统计数据显示，外资通过沪深股通增持A股1000万元以上个股有60只，其中洛阳钼业近5个交易日资金净流入超17亿元；中国建筑连续12日被外资增持，持股量创近10个月新高。外资减持A股1000万以上个股有76只，相较于前一交易日，数量大幅增加，银行、证券、保险作为金融的三驾马车，以招商银行、中信证券、中国平安等为代表的龙头个股均遭外资减持,29.50610961,股通 外资 12 17 增持 ,外资 交易日 个股 减持 A股 
2018/1/18 22:14,https://weibo.com/1704103183/FEYIyzIrP,29,19,15,微博 weibo.com,A股,【上市公司被骗子给骗了6300万 中小股东反而赚了】最近，A股一家上市公司的新闻，看得让人惊掉下巴。它有一家做物流的子公司，被人忽悠“瘸”了，弄了一批“假钢”烂在手里，预计亏损六千多万。然后，这家上市公司就把这家子公司卖给了大股东。本来嘛，大股东甘当“活雷锋”，把“亏损”的锅给背了，这听起来挺不错的。http://t.cn/RQKyNN4,-2.216946509,股东 上市公司 这家 子公司 亏损 ,股东 子公司 新闻 惊掉 预计 
2018/1/18 11:14,https://weibo.com/1649470535/FEUoKBbWq,37,40,25,微博 weibo.com,A股,【十一年来，A股与全球其他资本市场的收益比较】[摊手],6.988595867,A股 摊手 十一年 收益 全球 ,资本 收益 市场 全球 A股 
2018/1/18 18:23,https://weibo.com/5886617411/FEXd7dGCt,63,38,58,量化交易机Android,A股,中国建筑为什么大涨？  你看房地产涨，中海地产没有涨[色][色][色]？怎么A股没有中海地产呢（图3收藏 地产排名数据）？在A股没上市啊，都装在中国建筑里了啊（图2），9倍市盈率去哪里找。前几天就发现异常，我实在没资金，说太多票只能把你们弄浮躁了。地产2018全年后会有期。$中国建筑 sh601668$ #投资套路# $万科Ａ sz000002$[组图共3张],9.731182709,A股 地产 建筑 中海 太多票 ,地产 A股 没有 中海 建筑 
2018/1/18 9:02,https://weibo.com/1410248531/FETxi635D,29,64,45,微博 weibo.com,A股,发布了头条文章：《蓝筹股也要防止过度炒作的风险》 #原创首发#  #话题词# 虽然蓝筹股是A股市场上业绩最为优秀的一个群体，但由于在2017年以来的行情中，蓝筹股已经取得了很大的涨幅，蓝筹股股价的上涨远远超过了业绩的上涨，在这种情况下，蓝筹股股价的上涨就透支了公司业绩的增长。因此，一旦2017年度业绩公布，那么有不少蓝筹股的业绩就会对公司股价构成压制作用，这种蓝筹股的股价就有回调的压力。 http://t.cn/RQSPwcB,21.5489136,蓝筹股 2017 股价 业绩 上涨 ,股价 上涨 业绩 风险 公司 
2018/1/18 16:21,https://weibo.com/5880315031/FEWps9CX3,127,90,97,微博 weibo.com,A股,$安妮股份 sz002235$  $新晨科技 sz300542$  昨天的全球货币大跌，所引发全球股市与区块链相关的公司股价都遭遇较大跌幅，唯独A股，波动较小但也颇受影响[思考] 现在的区块链随处可见的难兄难弟比比皆是，多家被误传涉及的公司一而再公告澄清，加之政策压力。上交所，深交所，央行，同时发布公告要求严查监管炒作概念。 前面的区块链可谓是风头无两，现在枪打出头鸟，认真你就输了[二哈],16.43730646,区块 枪打出头鸟 sz002235 新晨 sz300542 ,公司 区块 股价 大跌 澄清 
2018/1/18 14:15,https://weibo.com/2244291964/FEVAvo46m,28,116,135,360安全浏览器,A股,我发起了一个投票 【A股盘中创股灾新高，你的总资产咋样？】http://t.cn/RQS1X88,4.753240881,A股 http cn RQS1X88 股灾 ,新高 A股 投票 股灾 发起 
2018/1/18 20:12,https://weibo.com/5676936152/FEXV8DXpL,148,15,328,一直播主站,A股,波浪解读美股解密A股波浪灯塔-薛武辉的一直播（下载App-&gt;http://t.cn/RQ5Zfuu）,8.348444405,波浪 美股 A股 薛武辉 App ,A股 直播 下载 解读 灯塔 
2018/1/18 14:23,https://weibo.com/2014433131/FEVDHjDhJ,454,22,35,360安全浏览器,A股,最近IPO不少被砍的企业，在同行业比较来看，还是不错。并不是说企业有问题，而多是财务、账目上有问题。 最让人神伤的便是瑞芯微没上来，上来会比韦尔好玩。 按说，审严格了有严格的好处，但是这里面误伤也不少。只能是盼着再上会时能玩明白。 A股的IPO，不区别对待成长性强的企业，是一种由来已久的错误（因为职能上主要是服务于实体）。像BAT跑外头上市就不说了，小米现在也要出去。 所以，审严格的同时，能注意一下成长性好的企业，才真正符合市场利益。,1.587131338,IPO 严格 企业 成长性 上来 ,企业 问题 成长性 按说 职能 
2018/1/18 17:46,https://weibo.com/1680685707/FEWY5eEg6,16,11,9,微博 weibo.com,A股,发布了头条文章：《老财侃A股：一切的上涨只为了指数》 老财侃A股：一切的上涨只为了指数,6.211129853,A股 老财 头条 一切 指数 ,老财 上涨 A股 文章 头条 
2018/1/18 8:58,https://weibo.com/1776830283/FETvH8VJe,10,21,18,专业版微博,A股,【全球牛市集体降临 五大股市7大指数刷历史新高】全球牛市忽然降临！美股新高、英股新高、印度股市新高、巴西股市新高，一水之隔的港股市场，也在今日突破10年历史大顶，恒生指数创下31983.41点的历史新高，全球牛市似乎只差A股了。据记者统计，在全球16个重要市场指数中，已经有7个指数在2018年里创下了历史新高，共涉及5大交易市场，其中台湾加权指数虽未新高，但也在今日刷新1991年以来的新高纪录。就2017年以来的涨幅来看，恒生指数、纳斯达克指数、圣保罗IBOVESPA指数、孟买SENSEX30和道琼斯工业指数赚钱效应明显，累计涨幅均超30%。http://t.cn/RQadcNy[组图共4张],62.70224515,新高 指数 牛市 全球 历史 ,新高 全球 历史 指数 股市 
2018/1/11 6:45,https://weibo.com/1432168633/FDODZBdF5,3,12,0,微博 weibo.com,A股,*******区块链概念行情火爆      概念股掀涨停潮     受外围市场区块链概念股持续大热影响，A股市场上区块链概念近日表现抢眼。区块链指数昨日放量大涨5.88%，创该指数近一年来最大单日涨幅，同时成交量创历史新高。区块链概念股全线飘红，18只个股涨幅在5%以上，其中10只个股相继涨停。    区块链概念股有易见股份、、游久游戏、利欧股份、恒生电子、广电运通、浙大网新、飞天诚信、赢时胜等。     所谓“区块链”是分布式数据存储、点对点传输、共识机制、加密算法等计算机技术的新型应用模式。区块链也是比特币的一个重要概念……,53.95782452,区块 概念股 概念 加密算法 涨停 ,区块 概念股 股份 指数 概念 
2018/1/18 12:59,https://weibo.com/1789788500/FEV5j4nwO,147,11,15,微博 weibo.com,A股,1月18日午间公告：1、石化油服：非公开发行A股股票申请获得中国证监会核准 2、康泰生物：公开发行可转换公司债券申请获得中国证监会核准 3、神雾环保：公司及子公司签订《陕西连谷洁净环保技术有限公司煤炭分质分级利用项目EPC总承包合同》，合同总金额43.95亿元 4、尤夫股份：存在重大事项待核实，今起停牌 5、新光圆成：拟筹划重大事项，涉及上市公司现金收购装备制造业资产，今起停牌 6、顺灏股份：控股子公司签订《关于通河县二甲沟水库库区腐殖土清理的合同》，将对公司本年度经营业绩产生积极影响 7、国轩高科：计划筹备、推出员工持股计划，本次员工持股计划所持有的股票总数累计不超过公司实施员工持股计划时股本总额的10%,67.00179154,员工 计划 持股 核准 今起 ,计划 公司 持股 员工 发行 
2018/1/18 5:35,https://weibo.com/1801487174/FESb4s4wb,11,20,5,微博 weibo.com,A股,【47家A股上市公司涉足区块链 投资者要“擦亮眼睛”】近期，“区块链”概念成为市场关注的焦点话题。不少A股上市公司纷纷表态涉足这一业务。此后，沪深交易所迅速介入，多家概念股公司收到问询函，被要求说明是否是主动迎合市场热点、炒作股价。数据显示，截至1月17日，易见股份、暴风集团、航天信息、远光软件、安妮股份等47家上市公司涉足区块链概念。（证券日报） http://t.cn/RQanRCP,38.60947868,区块 涉足 47 A股 上市公司 ,市场 涉足 概念 区块 炒作 
2018/1/18 8:29,https://weibo.com/2120098567/FETjPE2PM,34,14,2,微博 weibo.com,A股,"#财经头条文章# 【A股在全球牛市背景下慢牛莫变快牛容易挨鞭子】 #股海十一少谈股论金# #共享股票#   周三股指风口又转了,之前的地产股回落,而风口转向了金融股,特别是证券股,造成了一定的资金虹吸效应,所以昨天权重蓝筹股出现了一定的分化,关注证券股能否持续走强.吴亦凡 ins 【A股在全球牛市背景下慢牛莫变快牛容易挨鞭子】",5.914806584,A股 下慢 牛莫变 风口 鞭子 ,证券 风口 股海 背景 牛市 
2018/1/18 20:12,https://weibo.com/2868676035/FEXV29qG6,11,21,8,微博 weibo.com,A股,广发证券首席策略分析师戴康表示，2018年将是全球基本面牛市的确认，A股的基本面牛市不会缺席。在成长股（在2013年至2015年上半年完成）和部分消费股完成戴维斯双击后，周期股今年将迎来戴维斯双击。看好全年战略性配置大周期之母金融（依次是银行地产、非银金融），非银金融享受基本面牛市的贝塔；受益于全球经济复苏的化工、基本金属；国内盈利稳定增强的煤炭、钢铁、工程机械重卡。,-22.59373615,双击 非银 牛市 戴维斯 基本面 ,牛市 基本面 看好 全球 钢铁 
2018/1/18 8:27,https://weibo.com/1068385283/FETj3uz7v,139,10,6,HUAWEI Mate 10,A股,#辉声辉色论涨停# 隔夜欧美股市涨跌不一，道指涨1.25%，标普涨0.94%，纳指涨1.03%，美股三大股指齐创新高；泛欧STOXX 600指数跌0.10%；WTI原油涨0.4%，纽金涨0.2%。外围整体表现偏强，对A股开局有积极影响，上证50高位放量射击星，短线有见顶迹象，若上证50调整，成长股或将迎来补涨契机，抓住主流结构做好低吸高抛。#短线牛股#,-16.61820073,50 上证 短线 辉声 辉色论 ,抓住 迎来 偏强 A股 涨停 
2018/1/18 19:45,https://weibo.com/1664176597/FEXKhf2Rb,24,48,12,微博 weibo.com,A股,【低估值大蓝筹出现“逼空式”行情 未被发掘的“遗珠”仅剩这些】剔除次新股和停牌股后，最新A股市值超过300亿元且动态市盈率低于20倍的个股中，有29只股票去年及今年1月以来涨幅低于10%或者股价下跌，并且其最新价较历史最高价折价超过20%。这或许是一批低位滞涨大蓝筹股票。低估值大蓝筹出现“逼空式”行情 未被发掘的“遗珠”仅剩这些,-20.77247938,遗珠 蓝筹 逼空 仅剩 发掘 ,低于 超过 仅剩 出现 动态 
2018/1/12 2:30,https://weibo.com/1801487174/FDWp0aQ3W,5,14,9,微博 weibo.com,A股,【破解资本“饥渴”17家银行扎堆A股IPO】银行IPO进入加速冲刺期。1月10日，证监会官网显示，苏州银行、哈尔滨银行和青岛农村商业银行的申报情况均改为预先披露更新。而就在前一天，青岛银行、威海市商业银行也进行了预披露更新。截至目前，处于预披露状态的商业银行已达7家。（每日经济新闻）http://t.cn/RQLOY28,17.32684391,IPO 银行 商业银行 披露 青岛 ,银行 披露 青岛 苏州 情况 
2018/1/12 15:00,https://weibo.com/6395775539/FE1jI8GPy,14,16,6,专业版微博,A股,贵州燃气对华森制药说：不好意思，A股只能有一个陈浩南[摊手],1.847639486,A股 陈浩南 摊手 对华 制药 ,贵州 只能 燃气 A股 制药 
2018/1/11 13:20,https://weibo.com/6112795249/FDReF0spy,6,11,2,专业版微博,A股,不是我不明白，是世界变化快。年前还在担心跌破3200点的A股，突然来了个九连阳。在带来惊喜的同时，也让踏空者后悔莫及。从盘面看，市场有两条主线，一条副线。一条主线是2017年以来持续走强的绩优白马股，另一条主线是以房地产为核心的产业链上下游；副线是游资集中围剿的区块链。在这三者中，不少人认为，房地产、石油石化等泛周期概念股，是新增资金进场所为，是新资金盯住了新目标。事实真的如此吗？请看恒泰证券首席分析师付少琪与沃德资产管理公司总经理刘煦然为你深度解读。 @财经大V频道??每周都有大V互怼直播等着你！ @新浪财经??@华夏时报??@水皮,32.2649196,副线 主线 一条 3200 A股 ,资金 财经 跌破 市场 资产 
2018/1/12 9:52,https://weibo.com/1642585887/FDZiIAoSO,8,9,11,微博 weibo.com,A股,#上市公司那点事儿# 【新中基连续造假6年连续保壳10年：A股价值观的颠复者】来自新疆的兵团企业中基健康，昔日的新中基，虽然未经历倒手易主的命运，却是名副其实的保壳专家。新中基连续造假6年连续保壳10年:A股价值观的颠复者,11.22110712,保壳 新中基 10 A股 颠复 ,保壳 新中 颠复 A股 造假 
2018/1/12 10:53,https://weibo.com/5928837083/FDZH9wUcg,9,8,2,微博 weibo.com,A股,发布了头条文章：《暴涨的区块链，是A股最概念的概念！》 暴涨的区块链，是A股最概念的概念！,6.793087363,A股 概念 区块 暴涨 头条 ,概念 暴涨 A股 文章 头条 
2018/1/12 20:16,https://weibo.com/5645756008/FE3nRlT7Q,7,10,1,iPhone X,A股,【2017年A股调研总排名】  2017年，53家公司的机构调研总量超过200次，其中海康威视最为抢眼，被机构累计调研1940次，2017年股价累计上涨149.45%；歌尔股份、广汽集团、美的集团的机构调研总量均在800次以上，股价录得不同程度涨幅，其中美的集团2017年涨幅超过100%。  上述53只个股中，39只2017年录得涨幅，值得注意的是，涨幅居前的开立医疗、欧普康视、荣泰健康均为2017年上市的次新股。馀下14只个股录得跌幅，星源材质、蓝海华腾跌幅超过40%。  以下为2017年机构调研总量超过200次的个股名单：,60.68040621,2017 调研 录得 53 200 ,调研 机构 超过 集团 涨幅 
2018/1/12 17:47,https://weibo.com/2137777021/FE2psk1mw,1,159,93,即刻笔记,A股,【A股行业龙头股和细分行业龙头股大全】 京东方 A： 国内显示器面板龙头  华大基因：国内基因测序龙头  海康威视：国内最大安防视频监控产品供应商  三安光电：全球led龙头  大族激光：亚洲最大激光加工设备生产商 http://t.cn/RTsqRzY http://t.cn/RQUY1ow,21.49556328,http cn 龙头 行业龙头 激光 ,龙头 激光 行业龙头 安防 视频 
2018/1/11 16:17,https://weibo.com/2730059972/FDSohzSbd,5,10,0,微博 weibo.com,A股,A股区块链概念股一览 [组图共3张],3.812036687,A股 组图 区块 一览 概念股 ,概念股 一览 区块 A股 组图 
2018/1/11 21:52,https://weibo.com/5676936152/FDUAwBnfE,23,10,165,微博股票,A股,我接受了【微博财经@投资达人说】视频直播邀请，明天12:00，聊一聊&lt;波浪解读美股解密A股&gt;，预约并为我打榜，可助我登上财经频道・24小时直播台 波浪灯塔-薛武辉的股市直播 。,4.481621811,直播 波浪 微博 12 00 ,直播 登上 财经频道 视频 打榜 
2018/1/12 0:13,https://weibo.com/1801487174/FDVvAvlP8,8,10,4,微博 weibo.com,A股,【区块链背后“套路”深：有公司忙撇清有的蹭热点 龙头涨幅近60%】1月10日，整个区块链板块掀起应涨停潮，在当晚不少公司纷纷回区块链的市场传闻。到了1月11日，资金对于区块链概念股的热情蔓延到了整个A股，犹如挖“比特币”一样开足马力寻找尚未现身的区块链标的个股，尤其是在午后，不少公司纷纷发布公告称，对区块链有研究或者有意向布局，而结果就是股价出现秒板，区块链掀起涨停潮。而区块链概念的四方精创从去年12月7日晚发布区块链项目进展公告以来，目前涨幅近60%。（每日经济新闻） http://t.cn/RQLiky7,-7.600322438,区块 60% 掀起 涨停 10 ,区块 掀起 结果 秒板 涨停 
2018/1/12 10:50,https://weibo.com/1663937380/FDZGfpnDq,8,11,10,财新网,A股,【A股公司纷纷蹭区块链热点 专业人士直言“鱼龙混杂”】（记者 王兆洋）全民热议区块链，上市公司自然不会错过。1月11日的A股市场，区块链概念股继续“井喷”，多家上市公司在互动平台及官方公告中宣布自己在区块链领域的最新进展，然后看着自己的股价蹿升。 A股公司纷纷蹭区块链热点 专业人士直言“鱼龙混杂”,-13.92397727,区块 A股 鱼龙混杂 专业人士 直言 ,区块 A股 热点 专业人士 公司 
2018/1/12 22:13,https://weibo.com/1664176597/FE49wixbV,9,10,6,微博 weibo.com,A股,【11连阳背后：个股分化惨烈股民盈亏不均 两大主力持续加码】有数据表明，两类资金近期在持续加码A股。自2017年12月初开始，两市融资馀额总体上呈现持续攀升态势，其间很少出现减少，至2018年1月11日，融资馀额已达10455.77亿元，创下最近两年新高。11连阳背后：个股分化惨烈股民盈亏不均 两大主力持续加码,3.169589893,11 加码 持续 惨烈 盈亏 ,加码 分化 个股 态势 总体 
2018/1/12 17:44,https://weibo.com/2772291221/FE2obneZB,0,38,59,微博 weibo.com,A股,【每周一猜】今晚几家IPO？参与竞猜并转发此微博，有机会获赠一期A股脱水研报哦~ http://t.cn/RQUYcKW,7.749358834,一猜 IPO 此微博 A股 研报 ,获赠 脱水 A股 转发 竞猜 
2018/1/11 10:09,https://weibo.com/5676936152/FDPYR42uA,19,10,197,微博股票,A股,我接受了【微博财经@投资达人说】视频直播邀请，明天20:00，聊一聊&lt;波浪解读美股解密A股&gt;，预约并为我打榜，可助我登上财经频道・24小时直播台 波浪灯塔-薛武辉的股市直播 。,4.481621811,直播 波浪 微博 20 00 ,直播 登上 财经频道 视频 打榜 
2018/1/11 16:45,https://weibo.com/3734446625/FDSzB6OHC,10,10,0,vivo X20全面屏手机,A股,17年已经过去，领军板块：家电，酿酒，保险，有色，煤炭，钢铁等；18年“A股之龙”以为比较有潜力可以挖掘的板块不再是以上作为主要投资主线，毕竟资金需要一个变现，切换的过程。 那么什么板块在18年比较值得我们去挖掘？18年的主要挖掘是以什么为背景？ 背景：价值投资没有变化，业绩为王； 板块： 权重：地产，石油，化工； 题材：科技类如：软件，芯片，人工智能，大数据等； 逻辑：去年没有被挖掘，或者被错杀，而政策导向支持，发展需要，业绩良好。 以上为“A股之龙”个人观点，如有不同之处，欢迎留言与“A股之龙”交流，探讨！！[作揖] http://t.cn/RHlB683,37.04857296,18 A股 之龙 挖掘 板块 ,板块 A股 需要 投资 没有 
2018/1/11 18:30,https://weibo.com/1606612822/FDTgt7BwZ,7,2,1,微博 weibo.com,A股,前段时间，美股区块链相关个股大涨，最高飙升27倍，这几天A股的区块链也跟上了。 下面是美股区块链个股炒作明细解详。#操盘干货# #今日看盘#,9.71953321,区块 美股 27 A股 解详 ,区块 个股 解详 炒作 操盘 
2018/1/12 12:32,https://weibo.com/1817249447/FE0lu4hHG,1,9,0,iMAIBO.NET投资脉搏,A股,邱国鹭：人性的弱点，投资者常见的心理误区 1家花不如野花香研究世界各国股市的历史，几乎每个国家（包括A股），低估值的价值股的长期投资回报率显着优于高估值的成长股。原因很简单：投资者对未来的成长往往抱有不... http://t.cn/RQyQJJG ...  http://t.cn/RQyQa1p,28.26304294,... http cn 成长 邱国鹭 ,投资者 成长 估值 世界 家花 
2018/1/12 14:52,https://weibo.com/6086455085/FE1gx55uL,1,14,0,微博 weibo.com,A股,传奇风云，你的风云。1月14日震撼发布，1月15日，我们一起玩转A股[并不简单][并不简单] #森哥侃股# [组图共7张],11.75789243,风云 14 15 A股 森哥 ,风云 震撼 玩转 发布 A股 
2018/1/18 15:34,https://weibo.com/1642585887/FEW6hp3pa,41,35,50,微博 weibo.com,A股,#大v看市# 【水皮：上证50进入雷区 股市会跌的】A股用一年的时间验证了上证50的强度和力度，连水皮这样的看空者也不敢妄言行情的终点而心怀忌怕，规律告诉我们，共识形成之时往往也是行情拐点来临之际，炒了一年的上证50终归需要接盘侠，而最大的可能又恰恰是踏空了整整一年的中小散户，这就是命运。http://t.cn/RQoPASR,11.67471325,50 上证 水皮 一年 看市 ,行情 水皮 告诉 进入 股市 
2018/1/18 22:11,https://weibo.com/1875034341/FEYHnDNlF,30,37,20,微博 weibo.com,A股,【高盛：净利差继续回升 看好中资银行股】高盛将平安银行A股和建设银行H股上调至买入评级，并纳入首选推荐。招商银行A/H股亦被上调至买入评级。近两日香港恒生指数突破逾十年前历史记录，拉涨的主力板块正是银行金融股，南下资金大量涌入。详见华尔街见闻网站和APP,43.52039146,H股 高盛 评级 上调 买入 ,评级 上调 银行 买入 H股 
2018/1/18 18:05,https://weibo.com/5865542105/FEX5IA16a,129,30,22,360安全浏览器,A股,有个新股，物联网概念，每年利润翻倍式增长，ROE居然高达70%大A股排第7，目前动态PE还不到20，市值接近200亿，300亿以下开板的话，可能会是大资金的天堂！,10.54526358,有个 ROE 70% A股 排第 ,不到 概念 资金 利润 可能 
2018/1/18 10:17,https://weibo.com/31834268/FEU1zlLAb,70,21,32,搜狗高速浏览器,A股,在目前的情况下，很多大V和媒体在说价值投资 。 值得投资的品种会上天，股价可以当万元户；垃圾品种会入地，股价一块钱都嫌贵。 这种共识，好像也是有点道理。 价值投资也需要环境，那是在成熟的市场。 A股成熟么？三大指数背离的市场根本不是牛市，也不是成熟的市场。 美股三大指数从来都是齐头并进、共同进退。这是国家经济环境、政策环境、资金环境综合影响的结果，大家都一样，平等互惠。 哀股呢？天上人间不相见，庙堂高高在上，炒国企，国进民退。 炒银行、炒茅台、炒房地产，把一个“新常态”生生的炒作成了#茅房时代#。 中国的未来，就靠这些新常态？ 未来的世界需要新生态。  一群伪价值投资者在欢呼个啥呀。 $上证指数 sh000001$ $深证成指 sz399001$,9.743246844,三大 环境 成熟 常态 价值 ,环境 价值 市场 投资 品种 
2018/1/18 16:24,https://weibo.com/2868676035/FEWqH13Au,14,43,26,微博 weibo.com,A股,天风证券称，四大行PE估值为全球主要上市银行很低水平。尽管A股银行板块PB(lf)估值为主要国家或地区中等水平，但从PE估值来看，明显偏低。全球主要上市银行PE估值平均14倍17PE，而当前A股银行板块仅为7.4倍PE(TTM)，约为平均水平的一半。比如，加拿大皇家银行为13.1倍17PE估值，美国摩根大通银行为14.3倍17PE估值，而中国的农行则约为6.5倍。[组图共2张],26.91026752,PE 17PE 估值 A股 银行 ,银行 估值 上市 全球 比如 
2018/1/18 22:11,https://weibo.com/1649173367/FEYHFkJE5,30,17,9,微博 weibo.com,A股,【上市公司纷纷加入区块链概念 监管层严密盯防要求把话说清楚】A股市场对区块链概念股的炒作趋于疯狂，声称涉及区块链的上市公司纷纷冒出。据通达信软件显示，在概念炒作之初，区块链概念仅有10只左右的个股，然而截至1月18日，区块链板块已快速扩容，达到了58只个股。对此，沪深交易所高度警惕，及时发声并采取了相关监管措施。http://t.cn/RQonl5o,31.62189757,区块 概念 炒作 监管 盯防 ,区块 监管 概念 炒作 发声 
2018/1/11 23:33,https://weibo.com/1801487174/FDVfumdHC,16,14,8,微博 weibo.com,A股,【解密81家市值超千亿公司 后市多少能挺住？】A股第一高价股贵州茅台能否或者何时突破万亿市值大关，成为近期的一大聚焦点。目前A股市场市值达到万亿元以上的上市公司有6家，贵州茅台紧随其后，迈入万亿市值门槛仅一步之遥。与贵州茅台一样，同属千亿市值以上万亿市值以下的上市公司有75家(截至1月11日收盘)，这相较2016年年末扩容了19家。大幅扩容的背后与2017年“以大为美”的投资环境不无关系，整体81只千亿以上市值的股票中有77只均为沪深300成份股，86%的股票去年以来处于涨势。（第一财经）http://t.cn/RQLIzs1,64.0918296,市值 千亿 81 A股 茅台 ,市值 茅台 A股 贵州 涨势 
2018/1/11 14:45,https://weibo.com/3194153385/FDRNcnLVv,35,25,13,iPhone 6,A股,厉害了~我的讯飞！强势涨停[给力][威武]王者终于归来[酷]科技引领未来，讯飞将引领A股科技！[苹果][鲜花][鲜花][鲜花],16.99855416,鲜花 引领 给力 A股 科技 ,科技 鲜花 涨停 强势 引领 
2018/1/11 17:05,https://weibo.com/1801487174/FDSHG1WDa,13,10,14,微博 weibo.com,A股,【A股牛股满天飞：3板不算牛8板才算妖 游资大佬闷声发大财】近期的市场只能用火热来形容，大盘指数势如破竹连续大涨，火爆的赚钱氛围给了游资大幅度炒作的大环境，化工、上海自由港、区块链、燃气股、地产等热点题材动不动就掀起涨停潮。多只个股连续涨停，给与后续资金进场极大的信心和勇气。游资正是这样不断推高股价，引发行情纵向发展。http://t.cn/RQ2VBjE,32.7351023,游资 涨停 A股 推高 http ,游资 涨停 火热 形容 上海 
2018/1/11 22:17,https://weibo.com/1661504227/FDUKDiYQ6,20,22,13,新浪博客,A股,发表了博文《杨德龙：“十连阳”开启连续逼空行情》新浪财经讯1月11日今天大盘收出十连阳，强势特征非常明显。杨德龙表示节后A股市场走出逼空行情，连续十根阳线可以说改变了很多人的信仰，很多空头不得不考虑翻杨德龙：“十连阳”开启连续逼空行情,15.2699203,杨德龙 逼空 连阳 行情 连续 ,逼空 行情 连阳 空头 开启 
2018/1/11 23:32,https://weibo.com/1642585887/FDVeKuiSy,7,13,2,微博 weibo.com,A股,【解密81家市值超千亿公司 后市多少能挺住？】A股第一高价股贵州茅台或者何时突破万亿市值大关，成为近期的一大聚焦点。目前A股市场市值达到万亿元以上的上市公司有6家，贵州茅台紧随其后，迈入万亿市值门槛仅一步之遥。解密81家市值超千亿公司 后市多少能挺住？,34.19504592,市值 81 A股 挺住 解密 ,市值 A股 贵州 茅台 后市 
2018/1/11 6:30,https://weibo.com/1801487174/FDOxVd76n,15,8,5,微博 weibo.com,A股,【17家银行候场A股IPO 多数超一年】A股排队上市银行队伍再添新员。据证监会网站1月5日消息，重庆农村商业银行披露首次公开发行A股招股说明书申报稿，拟发行不超13.57亿股。此前不久，徽商银行在2017年12月26日公告称，其A股上市恢复审查。2017年12月29日，厦门农村商业银行也披露了首次公开发行A股招股说明书申报稿。（经济参考报）http://t.cn/RQw9Ha5,32.13563408,A股 2017 12 说明书 申报 ,A股 银行 披露 发行 上市 
2018/1/11 12:33,https://weibo.com/1801487174/FDQVgj4pQ,11,9,1,微博 weibo.com,A股,【小散有福啦！大手笔派现停不下来 这几家公司或发高额“年终奖”】2012年以来年年分红、2016年现金分红比在70%以上、最近一次分红的股息率大于4%的A股公司有15家。这些公司一直以来都注重投资者回报，高额派现毫不吝啬，对于2017年度的高分红值得期待。(中国证券网)小散有福啦！大手笔派现停不下来 这几家公司或发高额“年终奖”,3.162167619,派现 分红 高额 小散 或发 ,分红 高额 派现 公司 期待 
2018/1/12 9:06,https://weibo.com/1649173367/FDYZXwrMK,17,17,11,搜狗高速浏览器,A股,#掘金沪深股通#【外资狂抛贵州茅台逾6亿元 两只区块链概念股遭抢筹】11日，外资通过沪深股通减持A股1000万元以上的个股有39只。其中遭外资减持超亿元的个股较前几个交易日有了明显增加，贵州茅台资金净流出超6亿元，格力电器净流出近3亿元。掘金沪深股通：外资狂抛贵州茅台逾6亿元 两只区块链概念股遭抢筹,31.37721899,股通 外资 遭抢 区块 亿元 ,外资 贵州 茅台 减持 遭抢 
2018/1/11 7:31,https://weibo.com/2120098567/FDOX02RWt,46,11,4,微博 weibo.com,A股,"#财经头条文章# 【多头仍在进攻只是减弱趋势仍是向上微观有调整要求】#股海十一少谈股论金# #共享股票# 从宏观上来看A股要比大家想像的还要强,市场的进攻能量仍在多头仍在进攻只不过进攻能量减弱.微观上股指短线有调整要求.至于你是做宏观还是做微观,因人而异.马化腾 嘻哈装扮 新 【多头仍在进攻只是减弱趋势仍是向上微观有调整要求】",14.39494981,微观 进攻 多头 减弱 调整 ,进攻 微观 减弱 调整 要求 
2018/1/11 21:53,https://weibo.com/1664176597/FDUAF7rzS,7,21,5,微博 weibo.com,A股,【今年退市第一股或是它！还有这些股票退市风险也不小】1月10日晚间，已处于暂停上市状态的*ST昆机（600806.SH）第二次发布带有“重大”字眼的退市风险提示公告。与上一次不同的是，公司此番对涉及退市事项的表述变为“预计公司2017年度不能盈利，公司A股股票将可能被终止上市”。今年退市第一股或是它！还有这些股票退市风险也不小,16.39078848,退市 第一股 风险 不小 股票 ,退市 公司 股票 风险 上市 
2018/1/12 19:17,https://weibo.com/1651428902/FE303pxCD,9,14,0,21广场,A股,【新版股票质押式回购交易业务规则发布】明确股票质押率上限不得超过60%，单一证券公司、单一资管产品作为融出方接受单只A股股票质押比例分别不得超过30%、15%，单只A股股票市场整体质押比例不超过50%。新版股票质押式回购交易业务规则发布,3.738393208,质押 A股 股票 单只 新版 ,质押 股票 回购 交易 比例 
2018/1/11 14:51,https://weibo.com/2861590343/FDRPok6AN,25,8,20,搜狗高速浏览器,A股,想想这一个多月以来各类网络写手轮番轰炸，最后还是没有能改变一个企业应走的道路。现在互联网充斥着各种目的的文字，如果自己不能保持内心平静和坚持独立思考，很容易被误导。身边的战友越来越少，最后能够坚持除了判断，坚持，更多的还是价值观吧。A股充斥着两种价值观，第一种是中国强大，某类公司更好；另一种是某类公司好，能使中国强大。两种逻辑背后深层次还是价值观的不同，前者是索取，后者是贡献。没有优劣之分，只有自己选择。,8.752039434,价值观 某类 充斥 坚持 强大 ,坚持 价值观 充斥 没有 后者 
2018/1/11 20:01,https://weibo.com/5676936152/FDTRs7ivW,130,27,357,一直播Yi,A股,波浪解读美股解密A股波浪灯塔-薛武辉的一直播（下载App-&gt;http://t.cn/RqKYxu7）,8.348444405,波浪 美股 A股 薛武辉 App ,A股 直播 下载 解读 灯塔 
2018/1/11 8:40,https://weibo.com/1642585887/FDPoXoDr9,15,16,8,微博 weibo.com,A股,#上市公司那点事儿# 【区块链概念股暴涨过后:多家公司撇清 真正龙头浮出】资金对于区块链概念股的热情从海外市场蔓延到了A股。1月10日，区块链板块领涨沪深股市，表现抢眼。就在行情暴涨之际，高伟达、暴风集团等多家上市公司1月10日晚间发布澄清公告，回应参与区块链的情况，高伟达同时还提醒注意投资风险。 http://t.cn/RQwlHlh,37.81365965,区块 10 伟达 暴涨 概念股 ,区块 概念股 参与 领涨 沪深股市 
2018/1/12 10:05,https://weibo.com/1789788500/FDZnNBuay,82,15,23,微博 weibo.com,A股,银行板块也出现在涨幅榜，中长线价值凸显，该板块是目前市场当中估值最低或股价最便宜的板块，随着A股国际化，6月msci正式上线，此类低估值蓝筹、权重的上涨空间值得想象（欢迎评论提问，留下股票名称与成本，有问必答）,22.08900529,板块 有问必答 A股 msci 估值 ,板块 估值 值得 评论 欢迎 
2018/1/11 20:18,https://weibo.com/1655377503/FDTYlDb7j,50,12,0,微博 weibo.com,A股,我依然认为A股在3700附近见顶是最为合理的,5.961897636,A股 3700 最为 合理 依然 ,认为 A股 
2018/1/12 7:15,https://weibo.com/1649173367/FDYgIqRmf,21,10,4,微博 weibo.com,A股,【多家公司提示“区块链”热蕴涵风险】A股市场区块链概念近期持续升温。对此，多家上市公司或通过互动平台、或通过公告形式，披露了其“区块链”业务相关布局情况，并对其中蕴涵的风险进行了提示。有的公司被质疑蹭“区块链”热点，而收到交易所发出的问询函，要求说明是否存在主动迎合市场热点，炒作公司股价等问题。业内人士表示，区块链属于前沿技术，投资者应客观看待其商业前景。从目前情况看，上市公司开展的区块链项目实施存在变动的可能性。同时，应警惕蹭热点概念的公司。http://t.cn/RQLBe2E,53.55967459,区块 蕴涵 热点 公司 提示 ,区块 存在 热点 公司 市场 
2018/1/11 14:38,https://weibo.com/1704103183/FDRKhfrrY,11,21,10,百度分享,A股,【外资罕见连续11日抄底 A股目标位曝光】自沪港通、深港通开通以来，外资持续流入超过10个交易日的时间段相当罕见！开通沪港通3年以来，总共只出现了13次。从历史上看，外资连续净流入往往是A股阶段低点。 外资罕见连续11日抄底 A股目标位曝光,14.09110762,A股 外资 11 罕见 抄底 ,外资 A股 开通 净流入 阶段 
2018/1/11 20:48,https://weibo.com/1843016432/FDUawDEKZ,58,16,23,微博 weibo.com,A股,发布了头条文章：《给自由发挥空间，A股可以创造更多奇迹》 @微博股票  @Marco_徐晓峰 @沸点观察   量能会制约反弹高度，量价齐升才能反转，小心短线杀手锏，忘掉指数，精选个股，买跌卖涨，幸福一生 给自由发挥空间，A股可以创造更多奇迹,19.97862285,A股 自由发挥 奇迹 微博 Marco ,创造 量价 齐升 精选 个股 
2018/1/11 7:58,https://weibo.com/1789788500/FDP7DBJCD,84,20,14,新浪频道运营,A股,范进入市 做客#新浪财经#直播 主题：A股正成熟的迈入国际化 猛戳围观：http://t.cn/RQwW0YR,10.87998154,A股 http cn RQwW0YR 迈入 ,财经 A股 直播 主题 做客 
2018/1/12 12:17,https://weibo.com/1651428902/FE0ficJRG,37,33,0,21广场,A股,【2018年中国经济18个预言：一线城市房价下跌】展望2018年，中国经济将向何处去？A股慢牛，站上4000点？2018迎债市违约大年？个税递延养老险落地？人工智能将威胁具有创造力的职业岗位？一线城市房价下跌？详情&gt;&gt;&gt;2018年中国经济18个预言：一线城市房价下跌,28.51127035,2018 gt 18 一线 房价 ,城市 房价 人工智能 预言 威胁 
2018/1/11 20:51,https://weibo.com/1661504227/FDUbBbvt3,48,41,15,iPhone 8 Plus,A股,对于近期的市场走势，A股有四大投资机会不可错过，大家可以去积极的关注：第一个是最近表现突出的新能源汽车，之前反复讲到过，新能源汽车替代燃油车是大势所趋，最受益的就是上游的钴和锂，这是一个行业性的机会；第二个是近几个交易日大家比较关注的区块链板块，区块链是第四次科技革命的产物，也是互联网发展到一定高度的产物，也是现在最火的数字货币比特币的技术基础。区块链作为一种新的革新技术在未来有广泛的应用空间，所以大家也是需要重点的关注。当前区块链的板块个股多数都是粘上了一点边，还没有多大的布局，所以从这个板块里面找龙头也是非常困难，因为每家区块链的概念公司或多或少跟区块链有一些关系，但是能不能产生利润还很遥远。那么对于这种可以说是在VC、风投阶段的投资品种，大家只能够用重在参与、小仓位参与的态度，而不能重仓的参与。也许这些区块链概念股会有几家公司受益于区块链技术应用业绩大幅增长，也许会没有一家能够在未来成为行业龙头，因为现在区块链技术还是处于初期发展阶段。当一个新的技术革命到来的时候要积极拥抱他，认真去研究挖掘投资机会，但是不能盲目迷信，不能重仓，这样才能分享一些新技术带来的收益；第三个是已经开始活跃的芯片板块，芯片是人工智能的大脑，而芯片国产化能够给相关公司带来业绩爆发的机会；第四个是5G，从4G到5G会有大量设备的更新，而5G的普及可能会带来人们生活方式的改变，所以投资5G需重点投资相关龙头股。,102.3298917,区块 5G 技术 芯片 板块 ,区块 技术 投资 不能 机会 
2018/1/12 20:14,https://weibo.com/2868676035/FE3mScX97,35,35,36,微博 weibo.com,A股,【海归专家评区块链：不少项目可有可无 A股这波大涨都是瞎炒作】“在中国，不少区块链项目都是可有可无的，特别是A股的这波大涨，都是瞎炒作，”一位海归专家表示，他此前的身份是IBM开源超级账本创始人之一。他表示，中国99%的区块链项目都是“码农”自己做，极少人同时兼具密码学和分布式数据库知识，而一般程序员技术有限，只能照抄其他开源代码并稍作改进，重新做个控制界面包装一下。即便有兼具密码学和分布式数据库知识的人才，但遇上了不懂的创业者，胡乱提需求，项目也很难落地。（澎湃）,4.416435975,区块 密码学 A股 海归 可有可无 ,项目 区块 数据库 分布式 知识 
2018/1/12 7:46,https://weibo.com/1789788500/FDYth482n,79,11,13,新浪博客,A股,发表了博文《十连阳为何还是颗粒无收》昨天十全十美十连阳，创下自股灾以来的罕见连阳记录，最近大A股还真是疯狂，美中不足的是量能开始明显萎缩，热点上看，近期消息面不断发酵的区块链板块集体井喷，华森制药、贵十连阳为何还是颗粒无收,13.16193543,连阳 颗粒无收 为何 A股 华森 ,连阳 热点 区块 消息面 股灾 
2018/1/12 9:04,https://weibo.com/1215348874/FDYYVpO5X,17,68,38,微博 weibo.com,A股,"周五，发《牛市！跟上。》 ------------A股10连阳，统计上，或许开启了历史上第4次牛市。第1次是创立牛，第2次是6124的改革牛，第3次是5178的双创牛，第4次或许是“开放牛”,对国际市场的开放牛。------跟上。别追，但得准备跟上。 牛市！跟上。",23.82566413,跟上 牛市 开放 或许 ------------ ,统计 开启 开放 牛市 市场 
2018/1/11 21:26,https://weibo.com/1642585887/FDUpK7TR6,12,11,9,微博 weibo.com,A股,【星美集团200亿借壳前 解植坤近亲解茹桐突击入股赚25%】伴随着200亿元借壳中植系上市公司的交易方案公布，星美集团拆分回归A股迈出一大步。记者发现，在这笔巨额交易中，在资本市场“长袖善舞”的中植系身影频现。除了借壳上市公司宇顺电子属于中植系旗下外，中植系控制人解植坤近亲解茹桐在2017年8月突击入股标的公司，股权溢价后解茹桐通过本次交易赚25%。http://t.cn/RQLhgRk,24.21712795,中植系 解茹桐 星美 200 25% ,植系 公司 集团 迈出 解植 
2018/1/12 20:40,https://weibo.com/1700432934/FE3xJCEFG,19,27,25,iPhone客户端,A股,取关一位高级合伙人[笑cry]，几十万粉丝，正经干货没给大众分享过，一股脑唱多，躺在茅台里，酒不醉人人自醉，大A股如果没有茅台这家公司，又会有多少所谓的价值投资者无处藏身。,6.382368997,茅台 无处藏身 取关 cry 自醉 ,干货 茅台 A股 合伙人 投资者 
2018/1/12 22:59,https://weibo.com/1752549400/FE4rR26Q7,16,12,9,微博 weibo.com,A股,【投资大佬论剑：只有少数公司适合区块链，买ICO的人98%会血本无归】2018年伊始，区块链成为了资本市场最火热的话题之一，无论是美股上市的人人网、柯达，还是中国A股市场的爱康科技、壹桥股份，一沾区块链概念股价马上疯涨，有说法称，区块链概念走出了去年人工智能板块的味道。投资大佬论剑：只有少数公司适合区块链，买ICO的人98%会血本无归,35.33463088,区块 论剑 ICO 98% 血本无归 ,区块 市场 公司 概念 论剑 
2018/1/12 7:12,https://weibo.com/1854368294/FDYfQ2Fkv,10,20,2,Weibo.intl,A股,A股IPO座次图，你的家乡战绩如何？（A股IPO数量与各省份的经济发展水平密切相关） [组图共2张],8.591684174,A股 IPO 组图 座次 战绩 ,A股 省份 战绩 经济 水平 
2018/1/11 8:51,https://weibo.com/3216180122/FDPtp6QJY,33,12,36, ,A股,“精神病院第一股”将在A股上市，  港招股书中称有1.8亿国人患精神疾病     登陆港股两年后，近日，被称为“精神病院第一股”的温州康宁医院股份有限公司向A股发起冲刺。     2017年12月22日，证监会网站披露了康宁医院招股书申报稿，公司拟在上交所发行不超过8115.5万新股，计划募集资金1.93亿元。     康宁医院2015年港股上市时的招股书中称，根据市场研究顾问公司的报告，中国现时有1.8亿人患有精神疾病。,7.694254068,康宁 招股书 A股 中称 1.8 ,医院 招股书 有限公司 A股 新股 
2018/1/11 16:04,https://weibo.com/1701816363/FDSj47h3C,69,46,54,WeicoiPad,A股,人民日报今天发文“美股，火爆背后有风险 美股，火爆背后有风险（经济透视） ”提示美股风险，“出现整体20%左右下调的可能性是存在的”，自己看着办~    注：2015年4月21日，人民网发文“4000点才是A股牛市的开端”，2015年6月15日A股崩盘… [组图共2张],21.96371561,美股 2015 A股 发文 风险 ,风险 A股 下调 整体 透视 
